Workbook

Sheet Datos
A1: Matriz de datos (10×10)
A2: i\j | B2: 0 | C2: 1 | D2: 2 | E2: 3 | F2: 4 | G2: 5 | H2: 6 | I2: 7 | J2: 8 | K2: 9
A3: 0 | B3: 132 | C3: 101 | D3: 111 | E3: 109 | F3: 106 | G3: 88 | H3: 39 | I3: 37 | J3: 45 | K3: 48
A4: 1 | B4: 112 | C4: 101 | D4: 104 | E4: 95 | F4: 83 | G4: 76 | H4: 72 | I4: 91 | J4: 41 | K4: 46
A5: 2 | B5: 104 | C5: 123 | D5: 123 | E5: 114 | F5: 90 | G5: 80 | H5: 110 | I5: 131 | J5: 116 | K5: 104
A6: 3 | B6: 124 | C6: 148 | D6: 128 | E6: 116 | F6: 93 | G6: 85 | H6: 128 | I6: 139 | J6: 165 | K6: 145
A7: 4 | B7: 138 | C7: 138 | D7: 94 | E7: 82 | F7: 79 | G7: 89 | H7: 135 | I7: 140 | J7: 129 | K7: 118
A8: 5 | B8: 111 | C8: 100 | D8: 78 | E8: 84 | F8: 101 | G8: 117 | H8: 140 | I8: 141 | J8: 130 | K8: 114
A9: 6 | B9: 72 | C9: 67 | D9: 88 | E9: 109 | F9: 127 | G9: 134 | H9: 126 | I9: 134 | J9: 158 | K9: 128
A10: 7 | B10: 58 | C10: 51 | D10: 90 | E10: 105 | F10: 111 | G10: 115 | H10: 100 | I10: 126 | J10: 135 | K10: 107
A11: 8 | B11: 49 | C11: 70 | D11: 67 | E11: 74 | F11: 99 | G11: 93 | H11: 102 | I11: 152 | J11: 128 | K11: 79
A12: 9 | B12: 82 | C12: 99 | D12: 81 | E12: 62 | F12: 73 | G12: 77 | H12: 99 | I12: 150 | J12: 128 | K12: 96

Sheet Kernels
A1: Kernels 3×3 (pesos editables)
A2: Nota: Puedes editar los pesos en azul para ver cómo cambia la convolución.
B4: Promedio (box blur) | G4: Gaussiano (aprox.)
B5: 1 | C5: 1 | D5: 1 | E5: Factor | F5: N | G5: 1 | H5: 2 | I5: 1 | J5: Factor | K5: N
B6: 1 | C6: 1 | D6: 1 | E6: Normalización | F6: 9 | G6: 2 | H6: 4 | I6: 2 | J6: Normalización | K6: 16
B7: 1 | C7: 1 | D7: 1 | G7: 1 | H7: 2 | I7: 1
B9: Salida típica: (1/N)·sum(k⊙vecindad). | G9: Suavizado con mayor peso al centro.
B12: Sobel X | G12: Sobel Y
B13: -1 | C13: 0 | D13: 1 | G13: -1 | H13: -2 | I13: -1
B14: -2 | C14: 0 | D14: 2 | G14: 0 | H14: 0 | I14: 0
B15: -1 | C15: 0 | D15: 1 | G15: 1 | H15: 2 | I15: 1
B17: Detecta cambios horizontales (bordes verticales). | G17: Detecta cambios verticales (bordes horizontales).
B20: Laplaciano
B21: 0 | C21: 1 | D21: 0
B22: 1 | C22: -4 | D22: 1
B23: 0 | C23: 1 | D23: 0
B25: Realce de bordes (segunda derivada).

Sheet Convolucion
A1: Convolución 3×3 con fórmulas (sin macros)
A2: Las celdas interiores (i=1..8, j=1..8) se calculan con SUMA de 9 términos usando INDEX(). Bordes se dejan en blanco.
A4: Pixel de ejemplo (centro): | B4: i | C4: 5 | D4: j | E4: 5 | F4: (edita i,j para ver el cálculo)
A6: Vecindad 3×3 de Datos | E6: Kernel (elige) | H6: Producto
A7: =INDEX(Datos!$B$3:$K$12,$C$4+0,$E$4+0) -> 79 | B7: =INDEX(Datos!$B$3:$K$12,$C$4+0,$E$4+1) -> 89 | C7: =INDEX(Datos!$B$3:$K$12,$C$4+0,$E$4+2) -> 135 | E7: =Kernels!B5 -> 1 | F7: =Kernels!C5 -> 1 | G7: =Kernels!D5 -> 1 | H7: =A7*E7 -> 79 | I7: =B7*F7 -> 89 | J7: =C7*G7 -> 135
A8: =INDEX(Datos!$B$3:$K$12,$C$4+1,$E$4+0) -> 101 | B8: =INDEX(Datos!$B$3:$K$12,$C$4+1,$E$4+1) -> 117 | C8: =INDEX(Datos!$B$3:$K$12,$C$4+1,$E$4+2) -> 140 | E8: =Kernels!B6 -> 1 | F8: =Kernels!C6 -> 1 | G8: =Kernels!D6 -> 1 | H8: =A8*E8 -> 101 | I8: =B8*F8 -> 117 | J8: =C8*G8 -> 140
A9: =INDEX(Datos!$B$3:$K$12,$C$4+2,$E$4+0) -> 127 | B9: =INDEX(Datos!$B$3:$K$12,$C$4+2,$E$4+1) -> 134 | C9: =INDEX(Datos!$B$3:$K$12,$C$4+2,$E$4+2) -> 126 | E9: =Kernels!B7 -> 1 | F9: =Kernels!C7 -> 1 | G9: =Kernels!D7 -> 1 | H9: =A9*E9 -> 127 | I9: =B9*F9 -> 134 | J9: =C9*G9 -> 126
E11: Factor N | F11: =Kernels!F6 -> 9 | H11: Suma | I11: =SUM(H7:J9) -> 1048
H12: Salida (Suma/N) | I12: =I11/$F$11 -> 116.44444
A14: Filtro Promedio 3×3 (normalizado)
A15: i\j | B15: 0 | C15: 1 | D15: 2 | E15: 3 | F15: 4 | G15: 5 | H15: 6 | I15: 7 | J15: 8 | K15: 9
A16: 0 | B16: =IF(AND($A16>=1,$A16<=8,B$15>=1,B$15<=8),(INDEX(Kernels!$B$5:$D$7,1,1)*INDEX(Datos!$B$3:$K$12,($A16+1)+-1,(B$15+1)+-1)+INDEX(Kernels!$B$5:$D$7,1,2)*INDEX(Datos!$B$3:$K$12,($A16+1)+-1,(B$15+1)+0)+INDEX(Kernels!$B$5:$D$7,1,3)*INDEX(Datos!$B$3:$K$12,($A16+1)+-1,(B$15+1)+1)+INDEX(Kernels!$B$5:$D$7,2,1)*INDEX(Datos!$B$3:$K$12,($A16+1)+0,(B$15+1)+-1)+INDEX(Kernels!$B$5:$D$7,2,2)*INDEX(Datos!$B$3:$K$12,($A16+1)+0,(B$15+1)+0)+INDEX(Kernels!$B$5:$D$7,2,3)*INDEX(Datos!$B$3:$K$12,($A16+1)+0,(B$15+1)+1)+INDEX(Kernels!$B$5:$D$7,3,1)*INDEX(Datos!$B$3:$K$12,($A16+1)+1,(B$15+1)+-1)+INDEX(Kernels!$B$5:$D$7,3,2)*INDEX(Datos!$B$3:$K$12,($A16+1)+1,(B$15+1)+0)+INDEX(Kernels!$B$5:$D$7,3,3)*INDEX(Datos!$B$3:$K$12,($A16+1)+1,(B$15+1)+1))/Kernels!$F$6,"") | C16: =IF(AND($A16>=1,$A16<=8,C$15>=1,C$15<=8),(INDEX(Kernels!$B$5:$D$7,1,1)*INDEX(Datos!$B$3:$K$12,($A16+1)+-1,(C$15+1)+-1)+INDEX(Kernels!$B$5:$D$7,1,2)*INDEX(Datos!$B$3:$K$12,($A16+1)+-1,(C$15+1)+0)+INDEX(Kernels!$B$5:$D$7,1,3)*INDEX(Datos!$B$3:$K$12,($A16+1)+-1,(C$15+1)+1)+INDEX(Kernels!$B$5:$D$7,2,1)*INDEX(Datos!$B$3:$K$12,($A16+1)+0,(C$15+1)+-1)+INDEX(Kernels!$B$5:$D$7,2,2)*INDEX(Datos!$B$3:$K$12,($A16+1)+0,(C$15+1)+0)+INDEX(Kernels!$B$5:$D$7,2,3)*INDEX(Datos!$B$3:$K$12,($A16+1)+0,(C$15+1)+1)+INDEX(Kernels!$B$5:$D$7,3,1)*INDEX(Datos!$B$3:$K$12,($A16+1)+1,(C$15+1)+-1)+INDEX(Kernels!$B$5:$D$7,3,2)*INDEX(Datos!$B$3:$K$12,($A16+1)+1,(C$15+1)+0)+INDEX(Kernels!$B$5:$D$7,3,3)*INDEX(Datos!$B$3:$K$12,($A16+1)+1,(C$15+1)+1))/Kernels!$F$6,"") | D16: =IF(AND($A16>=1,$A16<=8,D$15>=1,D$15<=8),(INDEX(Kernels!$B$5:$D$7,1,1)*INDEX(Datos!$B$3:$K$12,($A16+1)+-1,(D$15+1)+-1)+INDEX(Kernels!$B$5:$D$7,1,2)*INDEX(Datos!$B$3:$K$12,($A16+1)+-1,(D$15+1)+0)+INDEX(Kernels!$B$5:$D$7,1,3)*INDEX(Datos!$B$3:$K$12,($A16+1)+-1,(D$15+1)+1)+INDEX(Kernels!$B$5:$D$7,2,1)*INDEX(Datos!$B$3:$K$12,($A16+1)+0,(D$15+1)+-1)+INDEX(Kernels!$B$5:$D$7,2,2)*INDEX(Datos!$B$3:$K$12,($A16+1)+0,(D$15+1)+0)+INDEX(Kernels!$B$5:$D$7,2,3)*INDEX(Datos!$B$3:$K$12,($A16+1)+0,(D$15+1)+1)+INDEX(Kernels!$B$5:$D$7,3,1)*INDEX(Datos!$B$3:$K$12,($A16+1)+1,(D$15+1)+-1)+INDEX(Kernels!$B$5:$D$7,3,2)*INDEX(Datos!$B$3:$K$12,($A16+1)+1,(D$15+1)+0)+INDEX(Kernels!$B$5:$D$7,3,3)*INDEX(Datos!$B$3:$K$12,($A16+1)+1,(D$15+1)+1))/Kernels!$F$6,"") | E16: =IF(AND($A16>=1,$A16<=8,E$15>=1,E$15<=8),(INDEX(Kernels!$B$5:$D$7,1,1)*INDEX(Datos!$B$3:$K$12,($A16+1)+-1,(E$15+1)+-1)+INDEX(Kernels!$B$5:$D$7,1,2)*INDEX(Datos!$B$3:$K$12,($A16+1)+-1,(E$15+1)+0)+INDEX(Kernels!$B$5:$D$7,1,3)*INDEX(Datos!$B$3:$K$12,($A16+1)+-1,(E$15+1)+1)+INDEX(Kernels!$B$5:$D$7,2,1)*INDEX(Datos!$B$3:$K$12,($A16+1)+0,(E$15+1)+-1)+INDEX(Kernels!$B$5:$D$7,2,2)*INDEX(Datos!$B$3:$K$12,($A16+1)+0,(E$15+1)+0)+INDEX(Kernels!$B$5:$D$7,2,3)*INDEX(Datos!$B$3:$K$12,($A16+1)+0,(E$15+1)+1)+INDEX(Kernels!$B$5:$D$7,3,1)*INDEX(Datos!$B$3:$K$12,($A16+1)+1,(E$15+1)+-1)+INDEX(Kernels!$B$5:$D$7,3,2)*INDEX(Datos!$B$3:$K$12,($A16+1)+1,(E$15+1)+0)+INDEX(Kernels!$B$5:$D$7,3,3)*INDEX(Datos!$B$3:$K$12,($A16+1)+1,(E$15+1)+1))/Kernels!$F$6,"") | F16: =IF(AND($A16>=1,$A16<=8,F$15>=1,F$15<=8),(INDEX(Kernels!$B$5:$D$7,1,1)*INDEX(Datos!$B$3:$K$12,($A16+1)+-1,(F$15+1)+-1)+INDEX(Kernels!$B$5:$D$7,1,2)*INDEX(Datos!$B$3:$K$12,($A16+1)+-1,(F$15+1)+0)+INDEX(Kernels!$B$5:$D$7,1,3)*INDEX(Datos!$B$3:$K$12,($A16+1)+-1,(F$15+1)+1)+INDEX(Kernels!$B$5:$D$7,2,1)*INDEX(Datos!$B$3:$K$12,($A16+1)+0,(F$15+1)+-1)+INDEX(Kernels!$B$5:$D$7,2,2)*INDEX(Datos!$B$3:$K$12,($A16+1)+0,(F$15+1)+0)+INDEX(Kernels!$B$5:$D$7,2,3)*INDEX(Datos!$B$3:$K$12,($A16+1)+0,(F$15+1)+1)+INDEX(Kernels!$B$5:$D$7,3,1)*INDEX(Datos!$B$3:$K$12,($A16+1)+1,(F$15+1)+-1)+INDEX(Kernels!$B$5:$D$7,3,2)*INDEX(Datos!$B$3:$K$12,($A16+1)+1,(F$15+1)+0)+INDEX(Kernels!$B$5:$D$7,3,3)*INDEX(Datos!$B$3:$K$12,($A16+1)+1,(F$15+1)+1))/Kernels!$F$6,"") | G16: =IF(AND($A16>=1,$A16<=8,G$15>=1,G$15<=8),(INDEX(Kernels!$B$5:$D$7,1,1)*INDEX(Datos!$B$3:$K$12,($A16+1)+-1,(G$15+1)+-1)+INDEX(Kernels!$B$5:$D$7,1,2)*INDEX(Datos!$B$3:$K$12,($A16+1)+-1,(G$15+1)+0)+INDEX(Kernels!$B$5:$D$7,1,3)*INDEX(Datos!$B$3:$K$12,($A16+1)+-1,(G$15+1)+1)+INDEX(Kernels!$B$5:$D$7,2,1)*INDEX(Datos!$B$3:$K$12,($A16+1)+0,(G$15+1)+-1)+INDEX(Kernels!$B$5:$D$7,2,2)*INDEX(Datos!$B$3:$K$12,($A16+1)+0,(G$15+1)+0)+INDEX(Kernels!$B$5:$D$7,2,3)*INDEX(Datos!$B$3:$K$12,($A16+1)+0,(G$15+1)+1)+INDEX(Kernels!$B$5:$D$7,3,1)*INDEX(Datos!$B$3:$K$12,($A16+1)+1,(G$15+1)+-1)+INDEX(Kernels!$B$5:$D$7,3,2)*INDEX(Datos!$B$3:$K$12,($A16+1)+1,(G$15+1)+0)+INDEX(Kernels!$B$5:$D$7,3,3)*INDEX(Datos!$B$3:$K$12,($A16+1)+1,(G$15+1)+1))/Kernels!$F$6,"") | H16: =IF(AND($A16>=1,$A16<=8,H$15>=1,H$15<=8),(INDEX(Kernels!$B$5:$D$7,1,1)*INDEX(Datos!$B$3:$K$12,($A16+1)+-1,(H$15+1)+-1)+INDEX(Kernels!$B$5:$D$7,1,2)*INDEX(Datos!$B$3:$K$12,($A16+1)+-1,(H$15+1)+0)+INDEX(Kernels!$B$5:$D$7,1,3)*INDEX(Datos!$B$3:$K$12,($A16+1)+-1,(H$15+1)+1)+INDEX(Kernels!$B$5:$D$7,2,1)*INDEX(Datos!$B$3:$K$12,($A16+1)+0,(H$15+1)+-1)+INDEX(Kernels!$B$5:$D$7,2,2)*INDEX(Datos!$B$3:$K$12,($A16+1)+0,(H$15+1)+0)+INDEX(Kernels!$B$5:$D$7,2,3)*INDEX(Datos!$B$3:$K$12,($A16+1)+0,(H$15+1)+1)+INDEX(Kernels!$B$5:$D$7,3,1)*INDEX(Datos!$B$3:$K$12,($A16+1)+1,(H$15+1)+-1)+INDEX(Kernels!$B$5:$D$7,3,2)*INDEX(Datos!$B$3:$K$12,($A16+1)+1,(H$15+1)+0)+INDEX(Kernels!$B$5:$D$7,3,3)*INDEX(Datos!$B$3:$K$12,($A16+1)+1,(H$15+1)+1))/Kernels!$F$6,"") | I16: =IF(AND($A16>=1,$A16<=8,I$15>=1,I$15<=8),(INDEX(Kernels!$B$5:$D$7,1,1)*INDEX(Datos!$B$3:$K$12,($A16+1)+-1,(I$15+1)+-1)+INDEX(Kernels!$B$5:$D$7,1,2)*INDEX(Datos!$B$3:$K$12,($A16+1)+-1,(I$15+1)+0)+INDEX(Kernels!$B$5:$D$7,1,3)*INDEX(Datos!$B$3:$K$12,($A16+1)+-1,(I$15+1)+1)+INDEX(Kernels!$B$5:$D$7,2,1)*INDEX(Datos!$B$3:$K$12,($A16+1)+0,(I$15+1)+-1)+INDEX(Kernels!$B$5:$D$7,2,2)*INDEX(Datos!$B$3:$K$12,($A16+1)+0,(I$15+1)+0)+INDEX(Kernels!$B$5:$D$7,2,3)*INDEX(Datos!$B$3:$K$12,($A16+1)+0,(I$15+1)+1)+INDEX(Kernels!$B$5:$D$7,3,1)*INDEX(Datos!$B$3:$K$12,($A16+1)+1,(I$15+1)+-1)+INDEX(Kernels!$B$5:$D$7,3,2)*INDEX(Datos!$B$3:$K$12,($A16+1)+1,(I$15+1)+0)+INDEX(Kernels!$B$5:$D$7,3,3)*INDEX(Datos!$B$3:$K$12,($A16+1)+1,(I$15+1)+1))/Kernels!$F$6,"") | ... K16: =IF(AND($A16>=1,$A16<=8,K$15>=1,K$15<=8),(INDEX(Kernels!$B$5:$D$7,1,1)*INDEX(Datos!$B$3:$K$12,($A16+1)+-1,(K$15+1)+-1)+INDEX(Kernels!$B$5:$D$7,1,2)*INDEX(Datos!$B$3:$K$12,($A16+1)+-1,(K$15+1)+0)+INDEX(Kernels!$B$5:$D$7,1,3)*INDEX(Datos!$B$3:$K$12,($A16+1)+-1,(K$15+1)+1)+INDEX(Kernels!$B$5:$D$7,2,1)*INDEX(Datos!$B$3:$K$12,($A16+1)+0,(K$15+1)+-1)+INDEX(Kernels!$B$5:$D$7,2,2)*INDEX(Datos!$B$3:$K$12,($A16+1)+0,(K$15+1)+0)+INDEX(Kernels!$B$5:$D$7,2,3)*INDEX(Datos!$B$3:$K$12,($A16+1)+0,(K$15+1)+1)+INDEX(Kernels!$B$5:$D$7,3,1)*INDEX(Datos!$B$3:$K$12,($A16+1)+1,(K$15+1)+-1)+INDEX(Kernels!$B$5:$D$7,3,2)*INDEX(Datos!$B$3:$K$12,($A16+1)+1,(K$15+1)+0)+INDEX(Kernels!$B$5:$D$7,3,3)*INDEX(Datos!$B$3:$K$12,($A16+1)+1,(K$15+1)+1))/Kernels!$F$6,"")
A17: 1 | B17: =IF(AND($A17>=1,$A17<=8,B$15>=1,B$15<=8),(INDEX(Kernels!$B$5:$D$7,1,1)*INDEX(Datos!$B$3:$K$12,($A17+1)+-1,(B$15+1)+-1)+INDEX(Kernels!$B$5:$D$7,1,2)*INDEX(Datos!$B$3:$K$12,($A17+1)+-1,(B$15+1)+0)+INDEX(Kernels!$B$5:$D$7,1,3)*INDEX(Datos!$B$3:$K$12,($A17+1)+-1,(B$15+1)+1)+INDEX(Kernels!$B$5:$D$7,2,1)*INDEX(Datos!$B$3:$K$12,($A17+1)+0,(B$15+1)+-1)+INDEX(Kernels!$B$5:$D$7,2,2)*INDEX(Datos!$B$3:$K$12,($A17+1)+0,(B$15+1)+0)+INDEX(Kernels!$B$5:$D$7,2,3)*INDEX(Datos!$B$3:$K$12,($A17+1)+0,(B$15+1)+1)+INDEX(Kernels!$B$5:$D$7,3,1)*INDEX(Datos!$B$3:$K$12,($A17+1)+1,(B$15+1)+-1)+INDEX(Kernels!$B$5:$D$7,3,2)*INDEX(Datos!$B$3:$K$12,($A17+1)+1,(B$15+1)+0)+INDEX(Kernels!$B$5:$D$7,3,3)*INDEX(Datos!$B$3:$K$12,($A17+1)+1,(B$15+1)+1))/Kernels!$F$6,"") | C17: =IF(AND($A17>=1,$A17<=8,C$15>=1,C$15<=8),(INDEX(Kernels!$B$5:$D$7,1,1)*INDEX(Datos!$B$3:$K$12,($A17+1)+-1,(C$15+1)+-1)+INDEX(Kernels!$B$5:$D$7,1,2)*INDEX(Datos!$B$3:$K$12,($A17+1)+-1,(C$15+1)+0)+INDEX(Kernels!$B$5:$D$7,1,3)*INDEX(Datos!$B$3:$K$12,($A17+1)+-1,(C$15+1)+1)+INDEX(Kernels!$B$5:$D$7,2,1)*INDEX(Datos!$B$3:$K$12,($A17+1)+0,(C$15+1)+-1)+INDEX(Kernels!$B$5:$D$7,2,2)*INDEX(Datos!$B$3:$K$12,($A17+1)+0,(C$15+1)+0)+INDEX(Kernels!$B$5:$D$7,2,3)*INDEX(Datos!$B$3:$K$12,($A17+1)+0,(C$15+1)+1)+INDEX(Kernels!$B$5:$D$7,3,1)*INDEX(Datos!$B$3:$K$12,($A17+1)+1,(C$15+1)+-1)+INDEX(Kernels!$B$5:$D$7,3,2)*INDEX(Datos!$B$3:$K$12,($A17+1)+1,(C$15+1)+0)+INDEX(Kernels!$B$5:$D$7,3,3)*INDEX(Datos!$B$3:$K$12,($A17+1)+1,(C$15+1)+1))/Kernels!$F$6,"") -> 112.33333 | D17: =IF(AND($A17>=1,$A17<=8,D$15>=1,D$15<=8),(INDEX(Kernels!$B$5:$D$7,1,1)*INDEX(Datos!$B$3:$K$12,($A17+1)+-1,(D$15+1)+-1)+INDEX(Kernels!$B$5:$D$7,1,2)*INDEX(Datos!$B$3:$K$12,($A17+1)+-1,(D$15+1)+0)+INDEX(Kernels!$B$5:$D$7,1,3)*INDEX(Datos!$B$3:$K$12,($A17+1)+-1,(D$15+1)+1)+INDEX(Kernels!$B$5:$D$7,2,1)*INDEX(Datos!$B$3:$K$12,($A17+1)+0,(D$15+1)+-1)+INDEX(Kernels!$B$5:$D$7,2,2)*INDEX(Datos!$B$3:$K$12,($A17+1)+0,(D$15+1)+0)+INDEX(Kernels!$B$5:$D$7,2,3)*INDEX(Datos!$B$3:$K$12,($A17+1)+0,(D$15+1)+1)+INDEX(Kernels!$B$5:$D$7,3,1)*INDEX(Datos!$B$3:$K$12,($A17+1)+1,(D$15+1)+-1)+INDEX(Kernels!$B$5:$D$7,3,2)*INDEX(Datos!$B$3:$K$12,($A17+1)+1,(D$15+1)+0)+INDEX(Kernels!$B$5:$D$7,3,3)*INDEX(Datos!$B$3:$K$12,($A17+1)+1,(D$15+1)+1))/Kernels!$F$6,"") -> 109 | E17: =IF(AND($A17>=1,$A17<=8,E$15>=1,E$15<=8),(INDEX(Kernels!$B$5:$D$7,1,1)*INDEX(Datos!$B$3:$K$12,($A17+1)+-1,(E$15+1)+-1)+INDEX(Kernels!$B$5:$D$7,1,2)*INDEX(Datos!$B$3:$K$12,($A17+1)+-1,(E$15+1)+0)+INDEX(Kernels!$B$5:$D$7,1,3)*INDEX(Datos!$B$3:$K$12,($A17+1)+-1,(E$15+1)+1)+INDEX(Kernels!$B$5:$D$7,2,1)*INDEX(Datos!$B$3:$K$12,($A17+1)+0,(E$15+1)+-1)+INDEX(Kernels!$B$5:$D$7,2,2)*INDEX(Datos!$B$3:$K$12,($A17+1)+0,(E$15+1)+0)+INDEX(Kernels!$B$5:$D$7,2,3)*INDEX(Datos!$B$3:$K$12,($A17+1)+0,(E$15+1)+1)+INDEX(Kernels!$B$5:$D$7,3,1)*INDEX(Datos!$B$3:$K$12,($A17+1)+1,(E$15+1)+-1)+INDEX(Kernels!$B$5:$D$7,3,2)*INDEX(Datos!$B$3:$K$12,($A17+1)+1,(E$15+1)+0)+INDEX(Kernels!$B$5:$D$7,3,3)*INDEX(Datos!$B$3:$K$12,($A17+1)+1,(E$15+1)+1))/Kernels!$F$6,"") -> 103.88889 | F17: =IF(AND($A17>=1,$A17<=8,F$15>=1,F$15<=8),(INDEX(Kernels!$B$5:$D$7,1,1)*INDEX(Datos!$B$3:$K$12,($A17+1)+-1,(F$15+1)+-1)+INDEX(Kernels!$B$5:$D$7,1,2)*INDEX(Datos!$B$3:$K$12,($A17+1)+-1,(F$15+1)+0)+INDEX(Kernels!$B$5:$D$7,1,3)*INDEX(Datos!$B$3:$K$12,($A17+1)+-1,(F$15+1)+1)+INDEX(Kernels!$B$5:$D$7,2,1)*INDEX(Datos!$B$3:$K$12,($A17+1)+0,(F$15+1)+-1)+INDEX(Kernels!$B$5:$D$7,2,2)*INDEX(Datos!$B$3:$K$12,($A17+1)+0,(F$15+1)+0)+INDEX(Kernels!$B$5:$D$7,2,3)*INDEX(Datos!$B$3:$K$12,($A17+1)+0,(F$15+1)+1)+INDEX(Kernels!$B$5:$D$7,3,1)*INDEX(Datos!$B$3:$K$12,($A17+1)+1,(F$15+1)+-1)+INDEX(Kernels!$B$5:$D$7,3,2)*INDEX(Datos!$B$3:$K$12,($A17+1)+1,(F$15+1)+0)+INDEX(Kernels!$B$5:$D$7,3,3)*INDEX(Datos!$B$3:$K$12,($A17+1)+1,(F$15+1)+1))/Kernels!$F$6,"") -> 93.444444 | G17: =IF(AND($A17>=1,$A17<=8,G$15>=1,G$15<=8),(INDEX(Kernels!$B$5:$D$7,1,1)*INDEX(Datos!$B$3:$K$12,($A17+1)+-1,(G$15+1)+-1)+INDEX(Kernels!$B$5:$D$7,1,2)*INDEX(Datos!$B$3:$K$12,($A17+1)+-1,(G$15+1)+0)+INDEX(Kernels!$B$5:$D$7,1,3)*INDEX(Datos!$B$3:$K$12,($A17+1)+-1,(G$15+1)+1)+INDEX(Kernels!$B$5:$D$7,2,1)*INDEX(Datos!$B$3:$K$12,($A17+1)+0,(G$15+1)+-1)+INDEX(Kernels!$B$5:$D$7,2,2)*INDEX(Datos!$B$3:$K$12,($A17+1)+0,(G$15+1)+0)+INDEX(Kernels!$B$5:$D$7,2,3)*INDEX(Datos!$B$3:$K$12,($A17+1)+0,(G$15+1)+1)+INDEX(Kernels!$B$5:$D$7,3,1)*INDEX(Datos!$B$3:$K$12,($A17+1)+1,(G$15+1)+-1)+INDEX(Kernels!$B$5:$D$7,3,2)*INDEX(Datos!$B$3:$K$12,($A17+1)+1,(G$15+1)+0)+INDEX(Kernels!$B$5:$D$7,3,3)*INDEX(Datos!$B$3:$K$12,($A17+1)+1,(G$15+1)+1))/Kernels!$F$6,"") -> 82.666667 | H17: =IF(AND($A17>=1,$A17<=8,H$15>=1,H$15<=8),(INDEX(Kernels!$B$5:$D$7,1,1)*INDEX(Datos!$B$3:$K$12,($A17+1)+-1,(H$15+1)+-1)+INDEX(Kernels!$B$5:$D$7,1,2)*INDEX(Datos!$B$3:$K$12,($A17+1)+-1,(H$15+1)+0)+INDEX(Kernels!$B$5:$D$7,1,3)*INDEX(Datos!$B$3:$K$12,($A17+1)+-1,(H$15+1)+1)+INDEX(Kernels!$B$5:$D$7,2,1)*INDEX(Datos!$B$3:$K$12,($A17+1)+0,(H$15+1)+-1)+INDEX(Kernels!$B$5:$D$7,2,2)*INDEX(Datos!$B$3:$K$12,($A17+1)+0,(H$15+1)+0)+INDEX(Kernels!$B$5:$D$7,2,3)*INDEX(Datos!$B$3:$K$12,($A17+1)+0,(H$15+1)+1)+INDEX(Kernels!$B$5:$D$7,3,1)*INDEX(Datos!$B$3:$K$12,($A17+1)+1,(H$15+1)+-1)+INDEX(Kernels!$B$5:$D$7,3,2)*INDEX(Datos!$B$3:$K$12,($A17+1)+1,(H$15+1)+0)+INDEX(Kernels!$B$5:$D$7,3,3)*INDEX(Datos!$B$3:$K$12,($A17+1)+1,(H$15+1)+1))/Kernels!$F$6,"") -> 80.444444 | I17: =IF(AND($A17>=1,$A17<=8,I$15>=1,I$15<=8),(INDEX(Kernels!$B$5:$D$7,1,1)*INDEX(Datos!$B$3:$K$12,($A17+1)+-1,(I$15+1)+-1)+INDEX(Kernels!$B$5:$D$7,1,2)*INDEX(Datos!$B$3:$K$12,($A17+1)+-1,(I$15+1)+0)+INDEX(Kernels!$B$5:$D$7,1,3)*INDEX(Datos!$B$3:$K$12,($A17+1)+-1,(I$15+1)+1)+INDEX(Kernels!$B$5:$D$7,2,1)*INDEX(Datos!$B$3:$K$12,($A17+1)+0,(I$15+1)+-1)+INDEX(Kernels!$B$5:$D$7,2,2)*INDEX(Datos!$B$3:$K$12,($A17+1)+0,(I$15+1)+0)+INDEX(Kernels!$B$5:$D$7,2,3)*INDEX(Datos!$B$3:$K$12,($A17+1)+0,(I$15+1)+1)+INDEX(Kernels!$B$5:$D$7,3,1)*INDEX(Datos!$B$3:$K$12,($A17+1)+1,(I$15+1)+-1)+INDEX(Kernels!$B$5:$D$7,3,2)*INDEX(Datos!$B$3:$K$12,($A17+1)+1,(I$15+1)+0)+INDEX(Kernels!$B$5:$D$7,3,3)*INDEX(Datos!$B$3:$K$12,($A17+1)+1,(I$15+1)+1))/Kernels!$F$6,"") -> 75.777778 | ... K17: =IF(AND($A17>=1,$A17<=8,K$15>=1,K$15<=8),(INDEX(Kernels!$B$5:$D$7,1,1)*INDEX(Datos!$B$3:$K$12,($A17+1)+-1,(K$15+1)+-1)+INDEX(Kernels!$B$5:$D$7,1,2)*INDEX(Datos!$B$3:$K$12,($A17+1)+-1,(K$15+1)+0)+INDEX(Kernels!$B$5:$D$7,1,3)*INDEX(Datos!$B$3:$K$12,($A17+1)+-1,(K$15+1)+1)+INDEX(Kernels!$B$5:$D$7,2,1)*INDEX(Datos!$B$3:$K$12,($A17+1)+0,(K$15+1)+-1)+INDEX(Kernels!$B$5:$D$7,2,2)*INDEX(Datos!$B$3:$K$12,($A17+1)+0,(K$15+1)+0)+INDEX(Kernels!$B$5:$D$7,2,3)*INDEX(Datos!$B$3:$K$12,($A17+1)+0,(K$15+1)+1)+INDEX(Kernels!$B$5:$D$7,3,1)*INDEX(Datos!$B$3:$K$12,($A17+1)+1,(K$15+1)+-1)+INDEX(Kernels!$B$5:$D$7,3,2)*INDEX(Datos!$B$3:$K$12,($A17+1)+1,(K$15+1)+0)+INDEX(Kernels!$B$5:$D$7,3,3)*INDEX(Datos!$B$3:$K$12,($A17+1)+1,(K$15+1)+1))/Kernels!$F$6,"")
A18: 2 | B18: =IF(AND($A18>=1,$A18<=8,B$15>=1,B$15<=8),(INDEX(Kernels!$B$5:$D$7,1,1)*INDEX(Datos!$B$3:$K$12,($A18+1)+-1,(B$15+1)+-1)+INDEX(Kernels!$B$5:$D$7,1,2)*INDEX(Datos!$B$3:$K$12,($A18+1)+-1,(B$15+1)+0)+INDEX(Kernels!$B$5:$D$7,1,3)*INDEX(Datos!$B$3:$K$12,($A18+1)+-1,(B$15+1)+1)+INDEX(Kernels!$B$5:$D$7,2,1)*INDEX(Datos!$B$3:$K$12,($A18+1)+0,(B$15+1)+-1)+INDEX(Kernels!$B$5:$D$7,2,2)*INDEX(Datos!$B$3:$K$12,($A18+1)+0,(B$15+1)+0)+INDEX(Kernels!$B$5:$D$7,2,3)*INDEX(Datos!$B$3:$K$12,($A18+1)+0,(B$15+1)+1)+INDEX(Kernels!$B$5:$D$7,3,1)*INDEX(Datos!$B$3:$K$12,($A18+1)+1,(B$15+1)+-1)+INDEX(Kernels!$B$5:$D$7,3,2)*INDEX(Datos!$B$3:$K$12,($A18+1)+1,(B$15+1)+0)+INDEX(Kernels!$B$5:$D$7,3,3)*INDEX(Datos!$B$3:$K$12,($A18+1)+1,(B$15+1)+1))/Kernels!$F$6,"") | C18: =IF(AND($A18>=1,$A18<=8,C$15>=1,C$15<=8),(INDEX(Kernels!$B$5:$D$7,1,1)*INDEX(Datos!$B$3:$K$12,($A18+1)+-1,(C$15+1)+-1)+INDEX(Kernels!$B$5:$D$7,1,2)*INDEX(Datos!$B$3:$K$12,($A18+1)+-1,(C$15+1)+0)+INDEX(Kernels!$B$5:$D$7,1,3)*INDEX(Datos!$B$3:$K$12,($A18+1)+-1,(C$15+1)+1)+INDEX(Kernels!$B$5:$D$7,2,1)*INDEX(Datos!$B$3:$K$12,($A18+1)+0,(C$15+1)+-1)+INDEX(Kernels!$B$5:$D$7,2,2)*INDEX(Datos!$B$3:$K$12,($A18+1)+0,(C$15+1)+0)+INDEX(Kernels!$B$5:$D$7,2,3)*INDEX(Datos!$B$3:$K$12,($A18+1)+0,(C$15+1)+1)+INDEX(Kernels!$B$5:$D$7,3,1)*INDEX(Datos!$B$3:$K$12,($A18+1)+1,(C$15+1)+-1)+INDEX(Kernels!$B$5:$D$7,3,2)*INDEX(Datos!$B$3:$K$12,($A18+1)+1,(C$15+1)+0)+INDEX(Kernels!$B$5:$D$7,3,3)*INDEX(Datos!$B$3:$K$12,($A18+1)+1,(C$15+1)+1))/Kernels!$F$6,"") -> 118.55556 | D18: =IF(AND($A18>=1,$A18<=8,D$15>=1,D$15<=8),(INDEX(Kernels!$B$5:$D$7,1,1)*INDEX(Datos!$B$3:$K$12,($A18+1)+-1,(D$15+1)+-1)+INDEX(Kernels!$B$5:$D$7,1,2)*INDEX(Datos!$B$3:$K$12,($A18+1)+-1,(D$15+1)+0)+INDEX(Kernels!$B$5:$D$7,1,3)*INDEX(Datos!$B$3:$K$12,($A18+1)+-1,(D$15+1)+1)+INDEX(Kernels!$B$5:$D$7,2,1)*INDEX(Datos!$B$3:$K$12,($A18+1)+0,(D$15+1)+-1)+INDEX(Kernels!$B$5:$D$7,2,2)*INDEX(Datos!$B$3:$K$12,($A18+1)+0,(D$15+1)+0)+INDEX(Kernels!$B$5:$D$7,2,3)*INDEX(Datos!$B$3:$K$12,($A18+1)+0,(D$15+1)+1)+INDEX(Kernels!$B$5:$D$7,3,1)*INDEX(Datos!$B$3:$K$12,($A18+1)+1,(D$15+1)+-1)+INDEX(Kernels!$B$5:$D$7,3,2)*INDEX(Datos!$B$3:$K$12,($A18+1)+1,(D$15+1)+0)+INDEX(Kernels!$B$5:$D$7,3,3)*INDEX(Datos!$B$3:$K$12,($A18+1)+1,(D$15+1)+1))/Kernels!$F$6,"") -> 116.88889 | E18: =IF(AND($A18>=1,$A18<=8,E$15>=1,E$15<=8),(INDEX(Kernels!$B$5:$D$7,1,1)*INDEX(Datos!$B$3:$K$12,($A18+1)+-1,(E$15+1)+-1)+INDEX(Kernels!$B$5:$D$7,1,2)*INDEX(Datos!$B$3:$K$12,($A18+1)+-1,(E$15+1)+0)+INDEX(Kernels!$B$5:$D$7,1,3)*INDEX(Datos!$B$3:$K$12,($A18+1)+-1,(E$15+1)+1)+INDEX(Kernels!$B$5:$D$7,2,1)*INDEX(Datos!$B$3:$K$12,($A18+1)+0,(E$15+1)+-1)+INDEX(Kernels!$B$5:$D$7,2,2)*INDEX(Datos!$B$3:$K$12,($A18+1)+0,(E$15+1)+0)+INDEX(Kernels!$B$5:$D$7,2,3)*INDEX(Datos!$B$3:$K$12,($A18+1)+0,(E$15+1)+1)+INDEX(Kernels!$B$5:$D$7,3,1)*INDEX(Datos!$B$3:$K$12,($A18+1)+1,(E$15+1)+-1)+INDEX(Kernels!$B$5:$D$7,3,2)*INDEX(Datos!$B$3:$K$12,($A18+1)+1,(E$15+1)+0)+INDEX(Kernels!$B$5:$D$7,3,3)*INDEX(Datos!$B$3:$K$12,($A18+1)+1,(E$15+1)+1))/Kernels!$F$6,"") -> 105.11111 | F18: =IF(AND($A18>=1,$A18<=8,F$15>=1,F$15<=8),(INDEX(Kernels!$B$5:$D$7,1,1)*INDEX(Datos!$B$3:$K$12,($A18+1)+-1,(F$15+1)+-1)+INDEX(Kernels!$B$5:$D$7,1,2)*INDEX(Datos!$B$3:$K$12,($A18+1)+-1,(F$15+1)+0)+INDEX(Kernels!$B$5:$D$7,1,3)*INDEX(Datos!$B$3:$K$12,($A18+1)+-1,(F$15+1)+1)+INDEX(Kernels!$B$5:$D$7,2,1)*INDEX(Datos!$B$3:$K$12,($A18+1)+0,(F$15+1)+-1)+INDEX(Kernels!$B$5:$D$7,2,2)*INDEX(Datos!$B$3:$K$12,($A18+1)+0,(F$15+1)+0)+INDEX(Kernels!$B$5:$D$7,2,3)*INDEX(Datos!$B$3:$K$12,($A18+1)+0,(F$15+1)+1)+INDEX(Kernels!$B$5:$D$7,3,1)*INDEX(Datos!$B$3:$K$12,($A18+1)+1,(F$15+1)+-1)+INDEX(Kernels!$B$5:$D$7,3,2)*INDEX(Datos!$B$3:$K$12,($A18+1)+1,(F$15+1)+0)+INDEX(Kernels!$B$5:$D$7,3,3)*INDEX(Datos!$B$3:$K$12,($A18+1)+1,(F$15+1)+1))/Kernels!$F$6,"") -> 92.444444 | G18: =IF(AND($A18>=1,$A18<=8,G$15>=1,G$15<=8),(INDEX(Kernels!$B$5:$D$7,1,1)*INDEX(Datos!$B$3:$K$12,($A18+1)+-1,(G$15+1)+-1)+INDEX(Kernels!$B$5:$D$7,1,2)*INDEX(Datos!$B$3:$K$12,($A18+1)+-1,(G$15+1)+0)+INDEX(Kernels!$B$5:$D$7,1,3)*INDEX(Datos!$B$3:$K$12,($A18+1)+-1,(G$15+1)+1)+INDEX(Kernels!$B$5:$D$7,2,1)*INDEX(Datos!$B$3:$K$12,($A18+1)+0,(G$15+1)+-1)+INDEX(Kernels!$B$5:$D$7,2,2)*INDEX(Datos!$B$3:$K$12,($A18+1)+0,(G$15+1)+0)+INDEX(Kernels!$B$5:$D$7,2,3)*INDEX(Datos!$B$3:$K$12,($A18+1)+0,(G$15+1)+1)+INDEX(Kernels!$B$5:$D$7,3,1)*INDEX(Datos!$B$3:$K$12,($A18+1)+1,(G$15+1)+-1)+INDEX(Kernels!$B$5:$D$7,3,2)*INDEX(Datos!$B$3:$K$12,($A18+1)+1,(G$15+1)+0)+INDEX(Kernels!$B$5:$D$7,3,3)*INDEX(Datos!$B$3:$K$12,($A18+1)+1,(G$15+1)+1))/Kernels!$F$6,"") -> 90.777778 | H18: =IF(AND($A18>=1,$A18<=8,H$15>=1,H$15<=8),(INDEX(Kernels!$B$5:$D$7,1,1)*INDEX(Datos!$B$3:$K$12,($A18+1)+-1,(H$15+1)+-1)+INDEX(Kernels!$B$5:$D$7,1,2)*INDEX(Datos!$B$3:$K$12,($A18+1)+-1,(H$15+1)+0)+INDEX(Kernels!$B$5:$D$7,1,3)*INDEX(Datos!$B$3:$K$12,($A18+1)+-1,(H$15+1)+1)+INDEX(Kernels!$B$5:$D$7,2,1)*INDEX(Datos!$B$3:$K$12,($A18+1)+0,(H$15+1)+-1)+INDEX(Kernels!$B$5:$D$7,2,2)*INDEX(Datos!$B$3:$K$12,($A18+1)+0,(H$15+1)+0)+INDEX(Kernels!$B$5:$D$7,2,3)*INDEX(Datos!$B$3:$K$12,($A18+1)+0,(H$15+1)+1)+INDEX(Kernels!$B$5:$D$7,3,1)*INDEX(Datos!$B$3:$K$12,($A18+1)+1,(H$15+1)+-1)+INDEX(Kernels!$B$5:$D$7,3,2)*INDEX(Datos!$B$3:$K$12,($A18+1)+1,(H$15+1)+0)+INDEX(Kernels!$B$5:$D$7,3,3)*INDEX(Datos!$B$3:$K$12,($A18+1)+1,(H$15+1)+1))/Kernels!$F$6,"") -> 101.33333 | I18: =IF(AND($A18>=1,$A18<=8,I$15>=1,I$15<=8),(INDEX(Kernels!$B$5:$D$7,1,1)*INDEX(Datos!$B$3:$K$12,($A18+1)+-1,(I$15+1)+-1)+INDEX(Kernels!$B$5:$D$7,1,2)*INDEX(Datos!$B$3:$K$12,($A18+1)+-1,(I$15+1)+0)+INDEX(Kernels!$B$5:$D$7,1,3)*INDEX(Datos!$B$3:$K$12,($A18+1)+-1,(I$15+1)+1)+INDEX(Kernels!$B$5:$D$7,2,1)*INDEX(Datos!$B$3:$K$12,($A18+1)+0,(I$15+1)+-1)+INDEX(Kernels!$B$5:$D$7,2,2)*INDEX(Datos!$B$3:$K$12,($A18+1)+0,(I$15+1)+0)+INDEX(Kernels!$B$5:$D$7,2,3)*INDEX(Datos!$B$3:$K$12,($A18+1)+0,(I$15+1)+1)+INDEX(Kernels!$B$5:$D$7,3,1)*INDEX(Datos!$B$3:$K$12,($A18+1)+1,(I$15+1)+-1)+INDEX(Kernels!$B$5:$D$7,3,2)*INDEX(Datos!$B$3:$K$12,($A18+1)+1,(I$15+1)+0)+INDEX(Kernels!$B$5:$D$7,3,3)*INDEX(Datos!$B$3:$K$12,($A18+1)+1,(I$15+1)+1))/Kernels!$F$6,"") -> 110.33333 | ... K18: =IF(AND($A18>=1,$A18<=8,K$15>=1,K$15<=8),(INDEX(Kernels!$B$5:$D$7,1,1)*INDEX(Datos!$B$3:$K$12,($A18+1)+-1,(K$15+1)+-1)+INDEX(Kernels!$B$5:$D$7,1,2)*INDEX(Datos!$B$3:$K$12,($A18+1)+-1,(K$15+1)+0)+INDEX(Kernels!$B$5:$D$7,1,3)*INDEX(Datos!$B$3:$K$12,($A18+1)+-1,(K$15+1)+1)+INDEX(Kernels!$B$5:$D$7,2,1)*INDEX(Datos!$B$3:$K$12,($A18+1)+0,(K$15+1)+-1)+INDEX(Kernels!$B$5:$D$7,2,2)*INDEX(Datos!$B$3:$K$12,($A18+1)+0,(K$15+1)+0)+INDEX(Kernels!$B$5:$D$7,2,3)*INDEX(Datos!$B$3:$K$12,($A18+1)+0,(K$15+1)+1)+INDEX(Kernels!$B$5:$D$7,3,1)*INDEX(Datos!$B$3:$K$12,($A18+1)+1,(K$15+1)+-1)+INDEX(Kernels!$B$5:$D$7,3,2)*INDEX(Datos!$B$3:$K$12,($A18+1)+1,(K$15+1)+0)+INDEX(Kernels!$B$5:$D$7,3,3)*INDEX(Datos!$B$3:$K$12,($A18+1)+1,(K$15+1)+1))/Kernels!$F$6,"")
A19: 3 | B19: =IF(AND($A19>=1,$A19<=8,B$15>=1,B$15<=8),(INDEX(Kernels!$B$5:$D$7,1,1)*INDEX(Datos!$B$3:$K$12,($A19+1)+-1,(B$15+1)+-1)+INDEX(Kernels!$B$5:$D$7,1,2)*INDEX(Datos!$B$3:$K$12,($A19+1)+-1,(B$15+1)+0)+INDEX(Kernels!$B$5:$D$7,1,3)*INDEX(Datos!$B$3:$K$12,($A19+1)+-1,(B$15+1)+1)+INDEX(Kernels!$B$5:$D$7,2,1)*INDEX(Datos!$B$3:$K$12,($A19+1)+0,(B$15+1)+-1)+INDEX(Kernels!$B$5:$D$7,2,2)*INDEX(Datos!$B$3:$K$12,($A19+1)+0,(B$15+1)+0)+INDEX(Kernels!$B$5:$D$7,2,3)*INDEX(Datos!$B$3:$K$12,($A19+1)+0,(B$15+1)+1)+INDEX(Kernels!$B$5:$D$7,3,1)*INDEX(Datos!$B$3:$K$12,($A19+1)+1,(B$15+1)+-1)+INDEX(Kernels!$B$5:$D$7,3,2)*INDEX(Datos!$B$3:$K$12,($A19+1)+1,(B$15+1)+0)+INDEX(Kernels!$B$5:$D$7,3,3)*INDEX(Datos!$B$3:$K$12,($A19+1)+1,(B$15+1)+1))/Kernels!$F$6,"") | C19: =IF(AND($A19>=1,$A19<=8,C$15>=1,C$15<=8),(INDEX(Kernels!$B$5:$D$7,1,1)*INDEX(Datos!$B$3:$K$12,($A19+1)+-1,(C$15+1)+-1)+INDEX(Kernels!$B$5:$D$7,1,2)*INDEX(Datos!$B$3:$K$12,($A19+1)+-1,(C$15+1)+0)+INDEX(Kernels!$B$5:$D$7,1,3)*INDEX(Datos!$B$3:$K$12,($A19+1)+-1,(C$15+1)+1)+INDEX(Kernels!$B$5:$D$7,2,1)*INDEX(Datos!$B$3:$K$12,($A19+1)+0,(C$15+1)+-1)+INDEX(Kernels!$B$5:$D$7,2,2)*INDEX(Datos!$B$3:$K$12,($A19+1)+0,(C$15+1)+0)+INDEX(Kernels!$B$5:$D$7,2,3)*INDEX(Datos!$B$3:$K$12,($A19+1)+0,(C$15+1)+1)+INDEX(Kernels!$B$5:$D$7,3,1)*INDEX(Datos!$B$3:$K$12,($A19+1)+1,(C$15+1)+-1)+INDEX(Kernels!$B$5:$D$7,3,2)*INDEX(Datos!$B$3:$K$12,($A19+1)+1,(C$15+1)+0)+INDEX(Kernels!$B$5:$D$7,3,3)*INDEX(Datos!$B$3:$K$12,($A19+1)+1,(C$15+1)+1))/Kernels!$F$6,"") -> 124.44444 | D19: =IF(AND($A19>=1,$A19<=8,D$15>=1,D$15<=8),(INDEX(Kernels!$B$5:$D$7,1,1)*INDEX(Datos!$B$3:$K$12,($A19+1)+-1,(D$15+1)+-1)+INDEX(Kernels!$B$5:$D$7,1,2)*INDEX(Datos!$B$3:$K$12,($A19+1)+-1,(D$15+1)+0)+INDEX(Kernels!$B$5:$D$7,1,3)*INDEX(Datos!$B$3:$K$12,($A19+1)+-1,(D$15+1)+1)+INDEX(Kernels!$B$5:$D$7,2,1)*INDEX(Datos!$B$3:$K$12,($A19+1)+0,(D$15+1)+-1)+INDEX(Kernels!$B$5:$D$7,2,2)*INDEX(Datos!$B$3:$K$12,($A19+1)+0,(D$15+1)+0)+INDEX(Kernels!$B$5:$D$7,2,3)*INDEX(Datos!$B$3:$K$12,($A19+1)+0,(D$15+1)+1)+INDEX(Kernels!$B$5:$D$7,3,1)*INDEX(Datos!$B$3:$K$12,($A19+1)+1,(D$15+1)+-1)+INDEX(Kernels!$B$5:$D$7,3,2)*INDEX(Datos!$B$3:$K$12,($A19+1)+1,(D$15+1)+0)+INDEX(Kernels!$B$5:$D$7,3,3)*INDEX(Datos!$B$3:$K$12,($A19+1)+1,(D$15+1)+1))/Kernels!$F$6,"") -> 118.44444 | E19: =IF(AND($A19>=1,$A19<=8,E$15>=1,E$15<=8),(INDEX(Kernels!$B$5:$D$7,1,1)*INDEX(Datos!$B$3:$K$12,($A19+1)+-1,(E$15+1)+-1)+INDEX(Kernels!$B$5:$D$7,1,2)*INDEX(Datos!$B$3:$K$12,($A19+1)+-1,(E$15+1)+0)+INDEX(Kernels!$B$5:$D$7,1,3)*INDEX(Datos!$B$3:$K$12,($A19+1)+-1,(E$15+1)+1)+INDEX(Kernels!$B$5:$D$7,2,1)*INDEX(Datos!$B$3:$K$12,($A19+1)+0,(E$15+1)+-1)+INDEX(Kernels!$B$5:$D$7,2,2)*INDEX(Datos!$B$3:$K$12,($A19+1)+0,(E$15+1)+0)+INDEX(Kernels!$B$5:$D$7,2,3)*INDEX(Datos!$B$3:$K$12,($A19+1)+0,(E$15+1)+1)+INDEX(Kernels!$B$5:$D$7,3,1)*INDEX(Datos!$B$3:$K$12,($A19+1)+1,(E$15+1)+-1)+INDEX(Kernels!$B$5:$D$7,3,2)*INDEX(Datos!$B$3:$K$12,($A19+1)+1,(E$15+1)+0)+INDEX(Kernels!$B$5:$D$7,3,3)*INDEX(Datos!$B$3:$K$12,($A19+1)+1,(E$15+1)+1))/Kernels!$F$6,"") -> 102.11111 | F19: =IF(AND($A19>=1,$A19<=8,F$15>=1,F$15<=8),(INDEX(Kernels!$B$5:$D$7,1,1)*INDEX(Datos!$B$3:$K$12,($A19+1)+-1,(F$15+1)+-1)+INDEX(Kernels!$B$5:$D$7,1,2)*INDEX(Datos!$B$3:$K$12,($A19+1)+-1,(F$15+1)+0)+INDEX(Kernels!$B$5:$D$7,1,3)*INDEX(Datos!$B$3:$K$12,($A19+1)+-1,(F$15+1)+1)+INDEX(Kernels!$B$5:$D$7,2,1)*INDEX(Datos!$B$3:$K$12,($A19+1)+0,(F$15+1)+-1)+INDEX(Kernels!$B$5:$D$7,2,2)*INDEX(Datos!$B$3:$K$12,($A19+1)+0,(F$15+1)+0)+INDEX(Kernels!$B$5:$D$7,2,3)*INDEX(Datos!$B$3:$K$12,($A19+1)+0,(F$15+1)+1)+INDEX(Kernels!$B$5:$D$7,3,1)*INDEX(Datos!$B$3:$K$12,($A19+1)+1,(F$15+1)+-1)+INDEX(Kernels!$B$5:$D$7,3,2)*INDEX(Datos!$B$3:$K$12,($A19+1)+1,(F$15+1)+0)+INDEX(Kernels!$B$5:$D$7,3,3)*INDEX(Datos!$B$3:$K$12,($A19+1)+1,(F$15+1)+1))/Kernels!$F$6,"") -> 92 | G19: =IF(AND($A19>=1,$A19<=8,G$15>=1,G$15<=8),(INDEX(Kernels!$B$5:$D$7,1,1)*INDEX(Datos!$B$3:$K$12,($A19+1)+-1,(G$15+1)+-1)+INDEX(Kernels!$B$5:$D$7,1,2)*INDEX(Datos!$B$3:$K$12,($A19+1)+-1,(G$15+1)+0)+INDEX(Kernels!$B$5:$D$7,1,3)*INDEX(Datos!$B$3:$K$12,($A19+1)+-1,(G$15+1)+1)+INDEX(Kernels!$B$5:$D$7,2,1)*INDEX(Datos!$B$3:$K$12,($A19+1)+0,(G$15+1)+-1)+INDEX(Kernels!$B$5:$D$7,2,2)*INDEX(Datos!$B$3:$K$12,($A19+1)+0,(G$15+1)+0)+INDEX(Kernels!$B$5:$D$7,2,3)*INDEX(Datos!$B$3:$K$12,($A19+1)+0,(G$15+1)+1)+INDEX(Kernels!$B$5:$D$7,3,1)*INDEX(Datos!$B$3:$K$12,($A19+1)+1,(G$15+1)+-1)+INDEX(Kernels!$B$5:$D$7,3,2)*INDEX(Datos!$B$3:$K$12,($A19+1)+1,(G$15+1)+0)+INDEX(Kernels!$B$5:$D$7,3,3)*INDEX(Datos!$B$3:$K$12,($A19+1)+1,(G$15+1)+1))/Kernels!$F$6,"") -> 98.777778 | H19: =IF(AND($A19>=1,$A19<=8,H$15>=1,H$15<=8),(INDEX(Kernels!$B$5:$D$7,1,1)*INDEX(Datos!$B$3:$K$12,($A19+1)+-1,(H$15+1)+-1)+INDEX(Kernels!$B$5:$D$7,1,2)*INDEX(Datos!$B$3:$K$12,($A19+1)+-1,(H$15+1)+0)+INDEX(Kernels!$B$5:$D$7,1,3)*INDEX(Datos!$B$3:$K$12,($A19+1)+-1,(H$15+1)+1)+INDEX(Kernels!$B$5:$D$7,2,1)*INDEX(Datos!$B$3:$K$12,($A19+1)+0,(H$15+1)+-1)+INDEX(Kernels!$B$5:$D$7,2,2)*INDEX(Datos!$B$3:$K$12,($A19+1)+0,(H$15+1)+0)+INDEX(Kernels!$B$5:$D$7,2,3)*INDEX(Datos!$B$3:$K$12,($A19+1)+0,(H$15+1)+1)+INDEX(Kernels!$B$5:$D$7,3,1)*INDEX(Datos!$B$3:$K$12,($A19+1)+1,(H$15+1)+-1)+INDEX(Kernels!$B$5:$D$7,3,2)*INDEX(Datos!$B$3:$K$12,($A19+1)+1,(H$15+1)+0)+INDEX(Kernels!$B$5:$D$7,3,3)*INDEX(Datos!$B$3:$K$12,($A19+1)+1,(H$15+1)+1))/Kernels!$F$6,"") -> 115.22222 | I19: =IF(AND($A19>=1,$A19<=8,I$15>=1,I$15<=8),(INDEX(Kernels!$B$5:$D$7,1,1)*INDEX(Datos!$B$3:$K$12,($A19+1)+-1,(I$15+1)+-1)+INDEX(Kernels!$B$5:$D$7,1,2)*INDEX(Datos!$B$3:$K$12,($A19+1)+-1,(I$15+1)+0)+INDEX(Kernels!$B$5:$D$7,1,3)*INDEX(Datos!$B$3:$K$12,($A19+1)+-1,(I$15+1)+1)+INDEX(Kernels!$B$5:$D$7,2,1)*INDEX(Datos!$B$3:$K$12,($A19+1)+0,(I$15+1)+-1)+INDEX(Kernels!$B$5:$D$7,2,2)*INDEX(Datos!$B$3:$K$12,($A19+1)+0,(I$15+1)+0)+INDEX(Kernels!$B$5:$D$7,2,3)*INDEX(Datos!$B$3:$K$12,($A19+1)+0,(I$15+1)+1)+INDEX(Kernels!$B$5:$D$7,3,1)*INDEX(Datos!$B$3:$K$12,($A19+1)+1,(I$15+1)+-1)+INDEX(Kernels!$B$5:$D$7,3,2)*INDEX(Datos!$B$3:$K$12,($A19+1)+1,(I$15+1)+0)+INDEX(Kernels!$B$5:$D$7,3,3)*INDEX(Datos!$B$3:$K$12,($A19+1)+1,(I$15+1)+1))/Kernels!$F$6,"") -> 132.55556 | ... K19: =IF(AND($A19>=1,$A19<=8,K$15>=1,K$15<=8),(INDEX(Kernels!$B$5:$D$7,1,1)*INDEX(Datos!$B$3:$K$12,($A19+1)+-1,(K$15+1)+-1)+INDEX(Kernels!$B$5:$D$7,1,2)*INDEX(Datos!$B$3:$K$12,($A19+1)+-1,(K$15+1)+0)+INDEX(Kernels!$B$5:$D$7,1,3)*INDEX(Datos!$B$3:$K$12,($A19+1)+-1,(K$15+1)+1)+INDEX(Kernels!$B$5:$D$7,2,1)*INDEX(Datos!$B$3:$K$12,($A19+1)+0,(K$15+1)+-1)+INDEX(Kernels!$B$5:$D$7,2,2)*INDEX(Datos!$B$3:$K$12,($A19+1)+0,(K$15+1)+0)+INDEX(Kernels!$B$5:$D$7,2,3)*INDEX(Datos!$B$3:$K$12,($A19+1)+0,(K$15+1)+1)+INDEX(Kernels!$B$5:$D$7,3,1)*INDEX(Datos!$B$3:$K$12,($A19+1)+1,(K$15+1)+-1)+INDEX(Kernels!$B$5:$D$7,3,2)*INDEX(Datos!$B$3:$K$12,($A19+1)+1,(K$15+1)+0)+INDEX(Kernels!$B$5:$D$7,3,3)*INDEX(Datos!$B$3:$K$12,($A19+1)+1,(K$15+1)+1))/Kernels!$F$6,"")
A20: 4 | B20: =IF(AND($A20>=1,$A20<=8,B$15>=1,B$15<=8),(INDEX(Kernels!$B$5:$D$7,1,1)*INDEX(Datos!$B$3:$K$12,($A20+1)+-1,(B$15+1)+-1)+INDEX(Kernels!$B$5:$D$7,1,2)*INDEX(Datos!$B$3:$K$12,($A20+1)+-1,(B$15+1)+0)+INDEX(Kernels!$B$5:$D$7,1,3)*INDEX(Datos!$B$3:$K$12,($A20+1)+-1,(B$15+1)+1)+INDEX(Kernels!$B$5:$D$7,2,1)*INDEX(Datos!$B$3:$K$12,($A20+1)+0,(B$15+1)+-1)+INDEX(Kernels!$B$5:$D$7,2,2)*INDEX(Datos!$B$3:$K$12,($A20+1)+0,(B$15+1)+0)+INDEX(Kernels!$B$5:$D$7,2,3)*INDEX(Datos!$B$3:$K$12,($A20+1)+0,(B$15+1)+1)+INDEX(Kernels!$B$5:$D$7,3,1)*INDEX(Datos!$B$3:$K$12,($A20+1)+1,(B$15+1)+-1)+INDEX(Kernels!$B$5:$D$7,3,2)*INDEX(Datos!$B$3:$K$12,($A20+1)+1,(B$15+1)+0)+INDEX(Kernels!$B$5:$D$7,3,3)*INDEX(Datos!$B$3:$K$12,($A20+1)+1,(B$15+1)+1))/Kernels!$F$6,"") | C20: =IF(AND($A20>=1,$A20<=8,C$15>=1,C$15<=8),(INDEX(Kernels!$B$5:$D$7,1,1)*INDEX(Datos!$B$3:$K$12,($A20+1)+-1,(C$15+1)+-1)+INDEX(Kernels!$B$5:$D$7,1,2)*INDEX(Datos!$B$3:$K$12,($A20+1)+-1,(C$15+1)+0)+INDEX(Kernels!$B$5:$D$7,1,3)*INDEX(Datos!$B$3:$K$12,($A20+1)+-1,(C$15+1)+1)+INDEX(Kernels!$B$5:$D$7,2,1)*INDEX(Datos!$B$3:$K$12,($A20+1)+0,(C$15+1)+-1)+INDEX(Kernels!$B$5:$D$7,2,2)*INDEX(Datos!$B$3:$K$12,($A20+1)+0,(C$15+1)+0)+INDEX(Kernels!$B$5:$D$7,2,3)*INDEX(Datos!$B$3:$K$12,($A20+1)+0,(C$15+1)+1)+INDEX(Kernels!$B$5:$D$7,3,1)*INDEX(Datos!$B$3:$K$12,($A20+1)+1,(C$15+1)+-1)+INDEX(Kernels!$B$5:$D$7,3,2)*INDEX(Datos!$B$3:$K$12,($A20+1)+1,(C$15+1)+0)+INDEX(Kernels!$B$5:$D$7,3,3)*INDEX(Datos!$B$3:$K$12,($A20+1)+1,(C$15+1)+1))/Kernels!$F$6,"") -> 117.66667 | D20: =IF(AND($A20>=1,$A20<=8,D$15>=1,D$15<=8),(INDEX(Kernels!$B$5:$D$7,1,1)*INDEX(Datos!$B$3:$K$12,($A20+1)+-1,(D$15+1)+-1)+INDEX(Kernels!$B$5:$D$7,1,2)*INDEX(Datos!$B$3:$K$12,($A20+1)+-1,(D$15+1)+0)+INDEX(Kernels!$B$5:$D$7,1,3)*INDEX(Datos!$B$3:$K$12,($A20+1)+-1,(D$15+1)+1)+INDEX(Kernels!$B$5:$D$7,2,1)*INDEX(Datos!$B$3:$K$12,($A20+1)+0,(D$15+1)+-1)+INDEX(Kernels!$B$5:$D$7,2,2)*INDEX(Datos!$B$3:$K$12,($A20+1)+0,(D$15+1)+0)+INDEX(Kernels!$B$5:$D$7,2,3)*INDEX(Datos!$B$3:$K$12,($A20+1)+0,(D$15+1)+1)+INDEX(Kernels!$B$5:$D$7,3,1)*INDEX(Datos!$B$3:$K$12,($A20+1)+1,(D$15+1)+-1)+INDEX(Kernels!$B$5:$D$7,3,2)*INDEX(Datos!$B$3:$K$12,($A20+1)+1,(D$15+1)+0)+INDEX(Kernels!$B$5:$D$7,3,3)*INDEX(Datos!$B$3:$K$12,($A20+1)+1,(D$15+1)+1))/Kernels!$F$6,"") -> 107.55556 | E20: =IF(AND($A20>=1,$A20<=8,E$15>=1,E$15<=8),(INDEX(Kernels!$B$5:$D$7,1,1)*INDEX(Datos!$B$3:$K$12,($A20+1)+-1,(E$15+1)+-1)+INDEX(Kernels!$B$5:$D$7,1,2)*INDEX(Datos!$B$3:$K$12,($A20+1)+-1,(E$15+1)+0)+INDEX(Kernels!$B$5:$D$7,1,3)*INDEX(Datos!$B$3:$K$12,($A20+1)+-1,(E$15+1)+1)+INDEX(Kernels!$B$5:$D$7,2,1)*INDEX(Datos!$B$3:$K$12,($A20+1)+0,(E$15+1)+-1)+INDEX(Kernels!$B$5:$D$7,2,2)*INDEX(Datos!$B$3:$K$12,($A20+1)+0,(E$15+1)+0)+INDEX(Kernels!$B$5:$D$7,2,3)*INDEX(Datos!$B$3:$K$12,($A20+1)+0,(E$15+1)+1)+INDEX(Kernels!$B$5:$D$7,3,1)*INDEX(Datos!$B$3:$K$12,($A20+1)+1,(E$15+1)+-1)+INDEX(Kernels!$B$5:$D$7,3,2)*INDEX(Datos!$B$3:$K$12,($A20+1)+1,(E$15+1)+0)+INDEX(Kernels!$B$5:$D$7,3,3)*INDEX(Datos!$B$3:$K$12,($A20+1)+1,(E$15+1)+1))/Kernels!$F$6,"") -> 95 | F20: =IF(AND($A20>=1,$A20<=8,F$15>=1,F$15<=8),(INDEX(Kernels!$B$5:$D$7,1,1)*INDEX(Datos!$B$3:$K$12,($A20+1)+-1,(F$15+1)+-1)+INDEX(Kernels!$B$5:$D$7,1,2)*INDEX(Datos!$B$3:$K$12,($A20+1)+-1,(F$15+1)+0)+INDEX(Kernels!$B$5:$D$7,1,3)*INDEX(Datos!$B$3:$K$12,($A20+1)+-1,(F$15+1)+1)+INDEX(Kernels!$B$5:$D$7,2,1)*INDEX(Datos!$B$3:$K$12,($A20+1)+0,(F$15+1)+-1)+INDEX(Kernels!$B$5:$D$7,2,2)*INDEX(Datos!$B$3:$K$12,($A20+1)+0,(F$15+1)+0)+INDEX(Kernels!$B$5:$D$7,2,3)*INDEX(Datos!$B$3:$K$12,($A20+1)+0,(F$15+1)+1)+INDEX(Kernels!$B$5:$D$7,3,1)*INDEX(Datos!$B$3:$K$12,($A20+1)+1,(F$15+1)+-1)+INDEX(Kernels!$B$5:$D$7,3,2)*INDEX(Datos!$B$3:$K$12,($A20+1)+1,(F$15+1)+0)+INDEX(Kernels!$B$5:$D$7,3,3)*INDEX(Datos!$B$3:$K$12,($A20+1)+1,(F$15+1)+1))/Kernels!$F$6,"") -> 94 | G20: =IF(AND($A20>=1,$A20<=8,G$15>=1,G$15<=8),(INDEX(Kernels!$B$5:$D$7,1,1)*INDEX(Datos!$B$3:$K$12,($A20+1)+-1,(G$15+1)+-1)+INDEX(Kernels!$B$5:$D$7,1,2)*INDEX(Datos!$B$3:$K$12,($A20+1)+-1,(G$15+1)+0)+INDEX(Kernels!$B$5:$D$7,1,3)*INDEX(Datos!$B$3:$K$12,($A20+1)+-1,(G$15+1)+1)+INDEX(Kernels!$B$5:$D$7,2,1)*INDEX(Datos!$B$3:$K$12,($A20+1)+0,(G$15+1)+-1)+INDEX(Kernels!$B$5:$D$7,2,2)*INDEX(Datos!$B$3:$K$12,($A20+1)+0,(G$15+1)+0)+INDEX(Kernels!$B$5:$D$7,2,3)*INDEX(Datos!$B$3:$K$12,($A20+1)+0,(G$15+1)+1)+INDEX(Kernels!$B$5:$D$7,3,1)*INDEX(Datos!$B$3:$K$12,($A20+1)+1,(G$15+1)+-1)+INDEX(Kernels!$B$5:$D$7,3,2)*INDEX(Datos!$B$3:$K$12,($A20+1)+1,(G$15+1)+0)+INDEX(Kernels!$B$5:$D$7,3,3)*INDEX(Datos!$B$3:$K$12,($A20+1)+1,(G$15+1)+1))/Kernels!$F$6,"") -> 107.44444 | H20: =IF(AND($A20>=1,$A20<=8,H$15>=1,H$15<=8),(INDEX(Kernels!$B$5:$D$7,1,1)*INDEX(Datos!$B$3:$K$12,($A20+1)+-1,(H$15+1)+-1)+INDEX(Kernels!$B$5:$D$7,1,2)*INDEX(Datos!$B$3:$K$12,($A20+1)+-1,(H$15+1)+0)+INDEX(Kernels!$B$5:$D$7,1,3)*INDEX(Datos!$B$3:$K$12,($A20+1)+-1,(H$15+1)+1)+INDEX(Kernels!$B$5:$D$7,2,1)*INDEX(Datos!$B$3:$K$12,($A20+1)+0,(H$15+1)+-1)+INDEX(Kernels!$B$5:$D$7,2,2)*INDEX(Datos!$B$3:$K$12,($A20+1)+0,(H$15+1)+0)+INDEX(Kernels!$B$5:$D$7,2,3)*INDEX(Datos!$B$3:$K$12,($A20+1)+0,(H$15+1)+1)+INDEX(Kernels!$B$5:$D$7,3,1)*INDEX(Datos!$B$3:$K$12,($A20+1)+1,(H$15+1)+-1)+INDEX(Kernels!$B$5:$D$7,3,2)*INDEX(Datos!$B$3:$K$12,($A20+1)+1,(H$15+1)+0)+INDEX(Kernels!$B$5:$D$7,3,3)*INDEX(Datos!$B$3:$K$12,($A20+1)+1,(H$15+1)+1))/Kernels!$F$6,"") -> 123.77778 | I20: =IF(AND($A20>=1,$A20<=8,I$15>=1,I$15<=8),(INDEX(Kernels!$B$5:$D$7,1,1)*INDEX(Datos!$B$3:$K$12,($A20+1)+-1,(I$15+1)+-1)+INDEX(Kernels!$B$5:$D$7,1,2)*INDEX(Datos!$B$3:$K$12,($A20+1)+-1,(I$15+1)+0)+INDEX(Kernels!$B$5:$D$7,1,3)*INDEX(Datos!$B$3:$K$12,($A20+1)+-1,(I$15+1)+1)+INDEX(Kernels!$B$5:$D$7,2,1)*INDEX(Datos!$B$3:$K$12,($A20+1)+0,(I$15+1)+-1)+INDEX(Kernels!$B$5:$D$7,2,2)*INDEX(Datos!$B$3:$K$12,($A20+1)+0,(I$15+1)+0)+INDEX(Kernels!$B$5:$D$7,2,3)*INDEX(Datos!$B$3:$K$12,($A20+1)+0,(I$15+1)+1)+INDEX(Kernels!$B$5:$D$7,3,1)*INDEX(Datos!$B$3:$K$12,($A20+1)+1,(I$15+1)+-1)+INDEX(Kernels!$B$5:$D$7,3,2)*INDEX(Datos!$B$3:$K$12,($A20+1)+1,(I$15+1)+0)+INDEX(Kernels!$B$5:$D$7,3,3)*INDEX(Datos!$B$3:$K$12,($A20+1)+1,(I$15+1)+1))/Kernels!$F$6,"") -> 138.55556 | ... K20: =IF(AND($A20>=1,$A20<=8,K$15>=1,K$15<=8),(INDEX(Kernels!$B$5:$D$7,1,1)*INDEX(Datos!$B$3:$K$12,($A20+1)+-1,(K$15+1)+-1)+INDEX(Kernels!$B$5:$D$7,1,2)*INDEX(Datos!$B$3:$K$12,($A20+1)+-1,(K$15+1)+0)+INDEX(Kernels!$B$5:$D$7,1,3)*INDEX(Datos!$B$3:$K$12,($A20+1)+-1,(K$15+1)+1)+INDEX(Kernels!$B$5:$D$7,2,1)*INDEX(Datos!$B$3:$K$12,($A20+1)+0,(K$15+1)+-1)+INDEX(Kernels!$B$5:$D$7,2,2)*INDEX(Datos!$B$3:$K$12,($A20+1)+0,(K$15+1)+0)+INDEX(Kernels!$B$5:$D$7,2,3)*INDEX(Datos!$B$3:$K$12,($A20+1)+0,(K$15+1)+1)+INDEX(Kernels!$B$5:$D$7,3,1)*INDEX(Datos!$B$3:$K$12,($A20+1)+1,(K$15+1)+-1)+INDEX(Kernels!$B$5:$D$7,3,2)*INDEX(Datos!$B$3:$K$12,($A20+1)+1,(K$15+1)+0)+INDEX(Kernels!$B$5:$D$7,3,3)*INDEX(Datos!$B$3:$K$12,($A20+1)+1,(K$15+1)+1))/Kernels!$F$6,"")
A21: 5 | B21: =IF(AND($A21>=1,$A21<=8,B$15>=1,B$15<=8),(INDEX(Kernels!$B$5:$D$7,1,1)*INDEX(Datos!$B$3:$K$12,($A21+1)+-1,(B$15+1)+-1)+INDEX(Kernels!$B$5:$D$7,1,2)*INDEX(Datos!$B$3:$K$12,($A21+1)+-1,(B$15+1)+0)+INDEX(Kernels!$B$5:$D$7,1,3)*INDEX(Datos!$B$3:$K$12,($A21+1)+-1,(B$15+1)+1)+INDEX(Kernels!$B$5:$D$7,2,1)*INDEX(Datos!$B$3:$K$12,($A21+1)+0,(B$15+1)+-1)+INDEX(Kernels!$B$5:$D$7,2,2)*INDEX(Datos!$B$3:$K$12,($A21+1)+0,(B$15+1)+0)+INDEX(Kernels!$B$5:$D$7,2,3)*INDEX(Datos!$B$3:$K$12,($A21+1)+0,(B$15+1)+1)+INDEX(Kernels!$B$5:$D$7,3,1)*INDEX(Datos!$B$3:$K$12,($A21+1)+1,(B$15+1)+-1)+INDEX(Kernels!$B$5:$D$7,3,2)*INDEX(Datos!$B$3:$K$12,($A21+1)+1,(B$15+1)+0)+INDEX(Kernels!$B$5:$D$7,3,3)*INDEX(Datos!$B$3:$K$12,($A21+1)+1,(B$15+1)+1))/Kernels!$F$6,"") | C21: =IF(AND($A21>=1,$A21<=8,C$15>=1,C$15<=8),(INDEX(Kernels!$B$5:$D$7,1,1)*INDEX(Datos!$B$3:$K$12,($A21+1)+-1,(C$15+1)+-1)+INDEX(Kernels!$B$5:$D$7,1,2)*INDEX(Datos!$B$3:$K$12,($A21+1)+-1,(C$15+1)+0)+INDEX(Kernels!$B$5:$D$7,1,3)*INDEX(Datos!$B$3:$K$12,($A21+1)+-1,(C$15+1)+1)+INDEX(Kernels!$B$5:$D$7,2,1)*INDEX(Datos!$B$3:$K$12,($A21+1)+0,(C$15+1)+-1)+INDEX(Kernels!$B$5:$D$7,2,2)*INDEX(Datos!$B$3:$K$12,($A21+1)+0,(C$15+1)+0)+INDEX(Kernels!$B$5:$D$7,2,3)*INDEX(Datos!$B$3:$K$12,($A21+1)+0,(C$15+1)+1)+INDEX(Kernels!$B$5:$D$7,3,1)*INDEX(Datos!$B$3:$K$12,($A21+1)+1,(C$15+1)+-1)+INDEX(Kernels!$B$5:$D$7,3,2)*INDEX(Datos!$B$3:$K$12,($A21+1)+1,(C$15+1)+0)+INDEX(Kernels!$B$5:$D$7,3,3)*INDEX(Datos!$B$3:$K$12,($A21+1)+1,(C$15+1)+1))/Kernels!$F$6,"") -> 98.444444 | D21: =IF(AND($A21>=1,$A21<=8,D$15>=1,D$15<=8),(INDEX(Kernels!$B$5:$D$7,1,1)*INDEX(Datos!$B$3:$K$12,($A21+1)+-1,(D$15+1)+-1)+INDEX(Kernels!$B$5:$D$7,1,2)*INDEX(Datos!$B$3:$K$12,($A21+1)+-1,(D$15+1)+0)+INDEX(Kernels!$B$5:$D$7,1,3)*INDEX(Datos!$B$3:$K$12,($A21+1)+-1,(D$15+1)+1)+INDEX(Kernels!$B$5:$D$7,2,1)*INDEX(Datos!$B$3:$K$12,($A21+1)+0,(D$15+1)+-1)+INDEX(Kernels!$B$5:$D$7,2,2)*INDEX(Datos!$B$3:$K$12,($A21+1)+0,(D$15+1)+0)+INDEX(Kernels!$B$5:$D$7,2,3)*INDEX(Datos!$B$3:$K$12,($A21+1)+0,(D$15+1)+1)+INDEX(Kernels!$B$5:$D$7,3,1)*INDEX(Datos!$B$3:$K$12,($A21+1)+1,(D$15+1)+-1)+INDEX(Kernels!$B$5:$D$7,3,2)*INDEX(Datos!$B$3:$K$12,($A21+1)+1,(D$15+1)+0)+INDEX(Kernels!$B$5:$D$7,3,3)*INDEX(Datos!$B$3:$K$12,($A21+1)+1,(D$15+1)+1))/Kernels!$F$6,"") -> 93.333333 | E21: =IF(AND($A21>=1,$A21<=8,E$15>=1,E$15<=8),(INDEX(Kernels!$B$5:$D$7,1,1)*INDEX(Datos!$B$3:$K$12,($A21+1)+-1,(E$15+1)+-1)+INDEX(Kernels!$B$5:$D$7,1,2)*INDEX(Datos!$B$3:$K$12,($A21+1)+-1,(E$15+1)+0)+INDEX(Kernels!$B$5:$D$7,1,3)*INDEX(Datos!$B$3:$K$12,($A21+1)+-1,(E$15+1)+1)+INDEX(Kernels!$B$5:$D$7,2,1)*INDEX(Datos!$B$3:$K$12,($A21+1)+0,(E$15+1)+-1)+INDEX(Kernels!$B$5:$D$7,2,2)*INDEX(Datos!$B$3:$K$12,($A21+1)+0,(E$15+1)+0)+INDEX(Kernels!$B$5:$D$7,2,3)*INDEX(Datos!$B$3:$K$12,($A21+1)+0,(E$15+1)+1)+INDEX(Kernels!$B$5:$D$7,3,1)*INDEX(Datos!$B$3:$K$12,($A21+1)+1,(E$15+1)+-1)+INDEX(Kernels!$B$5:$D$7,3,2)*INDEX(Datos!$B$3:$K$12,($A21+1)+1,(E$15+1)+0)+INDEX(Kernels!$B$5:$D$7,3,3)*INDEX(Datos!$B$3:$K$12,($A21+1)+1,(E$15+1)+1))/Kernels!$F$6,"") -> 93.555556 | F21: =IF(AND($A21>=1,$A21<=8,F$15>=1,F$15<=8),(INDEX(Kernels!$B$5:$D$7,1,1)*INDEX(Datos!$B$3:$K$12,($A21+1)+-1,(F$15+1)+-1)+INDEX(Kernels!$B$5:$D$7,1,2)*INDEX(Datos!$B$3:$K$12,($A21+1)+-1,(F$15+1)+0)+INDEX(Kernels!$B$5:$D$7,1,3)*INDEX(Datos!$B$3:$K$12,($A21+1)+-1,(F$15+1)+1)+INDEX(Kernels!$B$5:$D$7,2,1)*INDEX(Datos!$B$3:$K$12,($A21+1)+0,(F$15+1)+-1)+INDEX(Kernels!$B$5:$D$7,2,2)*INDEX(Datos!$B$3:$K$12,($A21+1)+0,(F$15+1)+0)+INDEX(Kernels!$B$5:$D$7,2,3)*INDEX(Datos!$B$3:$K$12,($A21+1)+0,(F$15+1)+1)+INDEX(Kernels!$B$5:$D$7,3,1)*INDEX(Datos!$B$3:$K$12,($A21+1)+1,(F$15+1)+-1)+INDEX(Kernels!$B$5:$D$7,3,2)*INDEX(Datos!$B$3:$K$12,($A21+1)+1,(F$15+1)+0)+INDEX(Kernels!$B$5:$D$7,3,3)*INDEX(Datos!$B$3:$K$12,($A21+1)+1,(F$15+1)+1))/Kernels!$F$6,"") -> 102.44444 | G21: =IF(AND($A21>=1,$A21<=8,G$15>=1,G$15<=8),(INDEX(Kernels!$B$5:$D$7,1,1)*INDEX(Datos!$B$3:$K$12,($A21+1)+-1,(G$15+1)+-1)+INDEX(Kernels!$B$5:$D$7,1,2)*INDEX(Datos!$B$3:$K$12,($A21+1)+-1,(G$15+1)+0)+INDEX(Kernels!$B$5:$D$7,1,3)*INDEX(Datos!$B$3:$K$12,($A21+1)+-1,(G$15+1)+1)+INDEX(Kernels!$B$5:$D$7,2,1)*INDEX(Datos!$B$3:$K$12,($A21+1)+0,(G$15+1)+-1)+INDEX(Kernels!$B$5:$D$7,2,2)*INDEX(Datos!$B$3:$K$12,($A21+1)+0,(G$15+1)+0)+INDEX(Kernels!$B$5:$D$7,2,3)*INDEX(Datos!$B$3:$K$12,($A21+1)+0,(G$15+1)+1)+INDEX(Kernels!$B$5:$D$7,3,1)*INDEX(Datos!$B$3:$K$12,($A21+1)+1,(G$15+1)+-1)+INDEX(Kernels!$B$5:$D$7,3,2)*INDEX(Datos!$B$3:$K$12,($A21+1)+1,(G$15+1)+0)+INDEX(Kernels!$B$5:$D$7,3,3)*INDEX(Datos!$B$3:$K$12,($A21+1)+1,(G$15+1)+1))/Kernels!$F$6,"") -> 116.44444 | H21: =IF(AND($A21>=1,$A21<=8,H$15>=1,H$15<=8),(INDEX(Kernels!$B$5:$D$7,1,1)*INDEX(Datos!$B$3:$K$12,($A21+1)+-1,(H$15+1)+-1)+INDEX(Kernels!$B$5:$D$7,1,2)*INDEX(Datos!$B$3:$K$12,($A21+1)+-1,(H$15+1)+0)+INDEX(Kernels!$B$5:$D$7,1,3)*INDEX(Datos!$B$3:$K$12,($A21+1)+-1,(H$15+1)+1)+INDEX(Kernels!$B$5:$D$7,2,1)*INDEX(Datos!$B$3:$K$12,($A21+1)+0,(H$15+1)+-1)+INDEX(Kernels!$B$5:$D$7,2,2)*INDEX(Datos!$B$3:$K$12,($A21+1)+0,(H$15+1)+0)+INDEX(Kernels!$B$5:$D$7,2,3)*INDEX(Datos!$B$3:$K$12,($A21+1)+0,(H$15+1)+1)+INDEX(Kernels!$B$5:$D$7,3,1)*INDEX(Datos!$B$3:$K$12,($A21+1)+1,(H$15+1)+-1)+INDEX(Kernels!$B$5:$D$7,3,2)*INDEX(Datos!$B$3:$K$12,($A21+1)+1,(H$15+1)+0)+INDEX(Kernels!$B$5:$D$7,3,3)*INDEX(Datos!$B$3:$K$12,($A21+1)+1,(H$15+1)+1))/Kernels!$F$6,"") -> 128.44444 | I21: =IF(AND($A21>=1,$A21<=8,I$15>=1,I$15<=8),(INDEX(Kernels!$B$5:$D$7,1,1)*INDEX(Datos!$B$3:$K$12,($A21+1)+-1,(I$15+1)+-1)+INDEX(Kernels!$B$5:$D$7,1,2)*INDEX(Datos!$B$3:$K$12,($A21+1)+-1,(I$15+1)+0)+INDEX(Kernels!$B$5:$D$7,1,3)*INDEX(Datos!$B$3:$K$12,($A21+1)+-1,(I$15+1)+1)+INDEX(Kernels!$B$5:$D$7,2,1)*INDEX(Datos!$B$3:$K$12,($A21+1)+0,(I$15+1)+-1)+INDEX(Kernels!$B$5:$D$7,2,2)*INDEX(Datos!$B$3:$K$12,($A21+1)+0,(I$15+1)+0)+INDEX(Kernels!$B$5:$D$7,2,3)*INDEX(Datos!$B$3:$K$12,($A21+1)+0,(I$15+1)+1)+INDEX(Kernels!$B$5:$D$7,3,1)*INDEX(Datos!$B$3:$K$12,($A21+1)+1,(I$15+1)+-1)+INDEX(Kernels!$B$5:$D$7,3,2)*INDEX(Datos!$B$3:$K$12,($A21+1)+1,(I$15+1)+0)+INDEX(Kernels!$B$5:$D$7,3,3)*INDEX(Datos!$B$3:$K$12,($A21+1)+1,(I$15+1)+1))/Kernels!$F$6,"") -> 137 | ... K21: =IF(AND($A21>=1,$A21<=8,K$15>=1,K$15<=8),(INDEX(Kernels!$B$5:$D$7,1,1)*INDEX(Datos!$B$3:$K$12,($A21+1)+-1,(K$15+1)+-1)+INDEX(Kernels!$B$5:$D$7,1,2)*INDEX(Datos!$B$3:$K$12,($A21+1)+-1,(K$15+1)+0)+INDEX(Kernels!$B$5:$D$7,1,3)*INDEX(Datos!$B$3:$K$12,($A21+1)+-1,(K$15+1)+1)+INDEX(Kernels!$B$5:$D$7,2,1)*INDEX(Datos!$B$3:$K$12,($A21+1)+0,(K$15+1)+-1)+INDEX(Kernels!$B$5:$D$7,2,2)*INDEX(Datos!$B$3:$K$12,($A21+1)+0,(K$15+1)+0)+INDEX(Kernels!$B$5:$D$7,2,3)*INDEX(Datos!$B$3:$K$12,($A21+1)+0,(K$15+1)+1)+INDEX(Kernels!$B$5:$D$7,3,1)*INDEX(Datos!$B$3:$K$12,($A21+1)+1,(K$15+1)+-1)+INDEX(Kernels!$B$5:$D$7,3,2)*INDEX(Datos!$B$3:$K$12,($A21+1)+1,(K$15+1)+0)+INDEX(Kernels!$B$5:$D$7,3,3)*INDEX(Datos!$B$3:$K$12,($A21+1)+1,(K$15+1)+1))/Kernels!$F$6,"")
A22: 6 | B22: =IF(AND($A22>=1,$A22<=8,B$15>=1,B$15<=8),(INDEX(Kernels!$B$5:$D$7,1,1)*INDEX(Datos!$B$3:$K$12,($A22+1)+-1,(B$15+1)+-1)+INDEX(Kernels!$B$5:$D$7,1,2)*INDEX(Datos!$B$3:$K$12,($A22+1)+-1,(B$15+1)+0)+INDEX(Kernels!$B$5:$D$7,1,3)*INDEX(Datos!$B$3:$K$12,($A22+1)+-1,(B$15+1)+1)+INDEX(Kernels!$B$5:$D$7,2,1)*INDEX(Datos!$B$3:$K$12,($A22+1)+0,(B$15+1)+-1)+INDEX(Kernels!$B$5:$D$7,2,2)*INDEX(Datos!$B$3:$K$12,($A22+1)+0,(B$15+1)+0)+INDEX(Kernels!$B$5:$D$7,2,3)*INDEX(Datos!$B$3:$K$12,($A22+1)+0,(B$15+1)+1)+INDEX(Kernels!$B$5:$D$7,3,1)*INDEX(Datos!$B$3:$K$12,($A22+1)+1,(B$15+1)+-1)+INDEX(Kernels!$B$5:$D$7,3,2)*INDEX(Datos!$B$3:$K$12,($A22+1)+1,(B$15+1)+0)+INDEX(Kernels!$B$5:$D$7,3,3)*INDEX(Datos!$B$3:$K$12,($A22+1)+1,(B$15+1)+1))/Kernels!$F$6,"") | C22: =IF(AND($A22>=1,$A22<=8,C$15>=1,C$15<=8),(INDEX(Kernels!$B$5:$D$7,1,1)*INDEX(Datos!$B$3:$K$12,($A22+1)+-1,(C$15+1)+-1)+INDEX(Kernels!$B$5:$D$7,1,2)*INDEX(Datos!$B$3:$K$12,($A22+1)+-1,(C$15+1)+0)+INDEX(Kernels!$B$5:$D$7,1,3)*INDEX(Datos!$B$3:$K$12,($A22+1)+-1,(C$15+1)+1)+INDEX(Kernels!$B$5:$D$7,2,1)*INDEX(Datos!$B$3:$K$12,($A22+1)+0,(C$15+1)+-1)+INDEX(Kernels!$B$5:$D$7,2,2)*INDEX(Datos!$B$3:$K$12,($A22+1)+0,(C$15+1)+0)+INDEX(Kernels!$B$5:$D$7,2,3)*INDEX(Datos!$B$3:$K$12,($A22+1)+0,(C$15+1)+1)+INDEX(Kernels!$B$5:$D$7,3,1)*INDEX(Datos!$B$3:$K$12,($A22+1)+1,(C$15+1)+-1)+INDEX(Kernels!$B$5:$D$7,3,2)*INDEX(Datos!$B$3:$K$12,($A22+1)+1,(C$15+1)+0)+INDEX(Kernels!$B$5:$D$7,3,3)*INDEX(Datos!$B$3:$K$12,($A22+1)+1,(C$15+1)+1))/Kernels!$F$6,"") -> 79.444444 | D22: =IF(AND($A22>=1,$A22<=8,D$15>=1,D$15<=8),(INDEX(Kernels!$B$5:$D$7,1,1)*INDEX(Datos!$B$3:$K$12,($A22+1)+-1,(D$15+1)+-1)+INDEX(Kernels!$B$5:$D$7,1,2)*INDEX(Datos!$B$3:$K$12,($A22+1)+-1,(D$15+1)+0)+INDEX(Kernels!$B$5:$D$7,1,3)*INDEX(Datos!$B$3:$K$12,($A22+1)+-1,(D$15+1)+1)+INDEX(Kernels!$B$5:$D$7,2,1)*INDEX(Datos!$B$3:$K$12,($A22+1)+0,(D$15+1)+-1)+INDEX(Kernels!$B$5:$D$7,2,2)*INDEX(Datos!$B$3:$K$12,($A22+1)+0,(D$15+1)+0)+INDEX(Kernels!$B$5:$D$7,2,3)*INDEX(Datos!$B$3:$K$12,($A22+1)+0,(D$15+1)+1)+INDEX(Kernels!$B$5:$D$7,3,1)*INDEX(Datos!$B$3:$K$12,($A22+1)+1,(D$15+1)+-1)+INDEX(Kernels!$B$5:$D$7,3,2)*INDEX(Datos!$B$3:$K$12,($A22+1)+1,(D$15+1)+0)+INDEX(Kernels!$B$5:$D$7,3,3)*INDEX(Datos!$B$3:$K$12,($A22+1)+1,(D$15+1)+1))/Kernels!$F$6,"") -> 85.777778 | E22: =IF(AND($A22>=1,$A22<=8,E$15>=1,E$15<=8),(INDEX(Kernels!$B$5:$D$7,1,1)*INDEX(Datos!$B$3:$K$12,($A22+1)+-1,(E$15+1)+-1)+INDEX(Kernels!$B$5:$D$7,1,2)*INDEX(Datos!$B$3:$K$12,($A22+1)+-1,(E$15+1)+0)+INDEX(Kernels!$B$5:$D$7,1,3)*INDEX(Datos!$B$3:$K$12,($A22+1)+-1,(E$15+1)+1)+INDEX(Kernels!$B$5:$D$7,2,1)*INDEX(Datos!$B$3:$K$12,($A22+1)+0,(E$15+1)+-1)+INDEX(Kernels!$B$5:$D$7,2,2)*INDEX(Datos!$B$3:$K$12,($A22+1)+0,(E$15+1)+0)+INDEX(Kernels!$B$5:$D$7,2,3)*INDEX(Datos!$B$3:$K$12,($A22+1)+0,(E$15+1)+1)+INDEX(Kernels!$B$5:$D$7,3,1)*INDEX(Datos!$B$3:$K$12,($A22+1)+1,(E$15+1)+-1)+INDEX(Kernels!$B$5:$D$7,3,2)*INDEX(Datos!$B$3:$K$12,($A22+1)+1,(E$15+1)+0)+INDEX(Kernels!$B$5:$D$7,3,3)*INDEX(Datos!$B$3:$K$12,($A22+1)+1,(E$15+1)+1))/Kernels!$F$6,"") -> 99.222222 | F22: =IF(AND($A22>=1,$A22<=8,F$15>=1,F$15<=8),(INDEX(Kernels!$B$5:$D$7,1,1)*INDEX(Datos!$B$3:$K$12,($A22+1)+-1,(F$15+1)+-1)+INDEX(Kernels!$B$5:$D$7,1,2)*INDEX(Datos!$B$3:$K$12,($A22+1)+-1,(F$15+1)+0)+INDEX(Kernels!$B$5:$D$7,1,3)*INDEX(Datos!$B$3:$K$12,($A22+1)+-1,(F$15+1)+1)+INDEX(Kernels!$B$5:$D$7,2,1)*INDEX(Datos!$B$3:$K$12,($A22+1)+0,(F$15+1)+-1)+INDEX(Kernels!$B$5:$D$7,2,2)*INDEX(Datos!$B$3:$K$12,($A22+1)+0,(F$15+1)+0)+INDEX(Kernels!$B$5:$D$7,2,3)*INDEX(Datos!$B$3:$K$12,($A22+1)+0,(F$15+1)+1)+INDEX(Kernels!$B$5:$D$7,3,1)*INDEX(Datos!$B$3:$K$12,($A22+1)+1,(F$15+1)+-1)+INDEX(Kernels!$B$5:$D$7,3,2)*INDEX(Datos!$B$3:$K$12,($A22+1)+1,(F$15+1)+0)+INDEX(Kernels!$B$5:$D$7,3,3)*INDEX(Datos!$B$3:$K$12,($A22+1)+1,(F$15+1)+1))/Kernels!$F$6,"") -> 111.44444 | G22: =IF(AND($A22>=1,$A22<=8,G$15>=1,G$15<=8),(INDEX(Kernels!$B$5:$D$7,1,1)*INDEX(Datos!$B$3:$K$12,($A22+1)+-1,(G$15+1)+-1)+INDEX(Kernels!$B$5:$D$7,1,2)*INDEX(Datos!$B$3:$K$12,($A22+1)+-1,(G$15+1)+0)+INDEX(Kernels!$B$5:$D$7,1,3)*INDEX(Datos!$B$3:$K$12,($A22+1)+-1,(G$15+1)+1)+INDEX(Kernels!$B$5:$D$7,2,1)*INDEX(Datos!$B$3:$K$12,($A22+1)+0,(G$15+1)+-1)+INDEX(Kernels!$B$5:$D$7,2,2)*INDEX(Datos!$B$3:$K$12,($A22+1)+0,(G$15+1)+0)+INDEX(Kernels!$B$5:$D$7,2,3)*INDEX(Datos!$B$3:$K$12,($A22+1)+0,(G$15+1)+1)+INDEX(Kernels!$B$5:$D$7,3,1)*INDEX(Datos!$B$3:$K$12,($A22+1)+1,(G$15+1)+-1)+INDEX(Kernels!$B$5:$D$7,3,2)*INDEX(Datos!$B$3:$K$12,($A22+1)+1,(G$15+1)+0)+INDEX(Kernels!$B$5:$D$7,3,3)*INDEX(Datos!$B$3:$K$12,($A22+1)+1,(G$15+1)+1))/Kernels!$F$6,"") -> 119 | H22: =IF(AND($A22>=1,$A22<=8,H$15>=1,H$15<=8),(INDEX(Kernels!$B$5:$D$7,1,1)*INDEX(Datos!$B$3:$K$12,($A22+1)+-1,(H$15+1)+-1)+INDEX(Kernels!$B$5:$D$7,1,2)*INDEX(Datos!$B$3:$K$12,($A22+1)+-1,(H$15+1)+0)+INDEX(Kernels!$B$5:$D$7,1,3)*INDEX(Datos!$B$3:$K$12,($A22+1)+-1,(H$15+1)+1)+INDEX(Kernels!$B$5:$D$7,2,1)*INDEX(Datos!$B$3:$K$12,($A22+1)+0,(H$15+1)+-1)+INDEX(Kernels!$B$5:$D$7,2,2)*INDEX(Datos!$B$3:$K$12,($A22+1)+0,(H$15+1)+0)+INDEX(Kernels!$B$5:$D$7,2,3)*INDEX(Datos!$B$3:$K$12,($A22+1)+0,(H$15+1)+1)+INDEX(Kernels!$B$5:$D$7,3,1)*INDEX(Datos!$B$3:$K$12,($A22+1)+1,(H$15+1)+-1)+INDEX(Kernels!$B$5:$D$7,3,2)*INDEX(Datos!$B$3:$K$12,($A22+1)+1,(H$15+1)+0)+INDEX(Kernels!$B$5:$D$7,3,3)*INDEX(Datos!$B$3:$K$12,($A22+1)+1,(H$15+1)+1))/Kernels!$F$6,"") -> 125.88889 | I22: =IF(AND($A22>=1,$A22<=8,I$15>=1,I$15<=8),(INDEX(Kernels!$B$5:$D$7,1,1)*INDEX(Datos!$B$3:$K$12,($A22+1)+-1,(I$15+1)+-1)+INDEX(Kernels!$B$5:$D$7,1,2)*INDEX(Datos!$B$3:$K$12,($A22+1)+-1,(I$15+1)+0)+INDEX(Kernels!$B$5:$D$7,1,3)*INDEX(Datos!$B$3:$K$12,($A22+1)+-1,(I$15+1)+1)+INDEX(Kernels!$B$5:$D$7,2,1)*INDEX(Datos!$B$3:$K$12,($A22+1)+0,(I$15+1)+-1)+INDEX(Kernels!$B$5:$D$7,2,2)*INDEX(Datos!$B$3:$K$12,($A22+1)+0,(I$15+1)+0)+INDEX(Kernels!$B$5:$D$7,2,3)*INDEX(Datos!$B$3:$K$12,($A22+1)+0,(I$15+1)+1)+INDEX(Kernels!$B$5:$D$7,3,1)*INDEX(Datos!$B$3:$K$12,($A22+1)+1,(I$15+1)+-1)+INDEX(Kernels!$B$5:$D$7,3,2)*INDEX(Datos!$B$3:$K$12,($A22+1)+1,(I$15+1)+0)+INDEX(Kernels!$B$5:$D$7,3,3)*INDEX(Datos!$B$3:$K$12,($A22+1)+1,(I$15+1)+1))/Kernels!$F$6,"") -> 132.22222 | ... K22: =IF(AND($A22>=1,$A22<=8,K$15>=1,K$15<=8),(INDEX(Kernels!$B$5:$D$7,1,1)*INDEX(Datos!$B$3:$K$12,($A22+1)+-1,(K$15+1)+-1)+INDEX(Kernels!$B$5:$D$7,1,2)*INDEX(Datos!$B$3:$K$12,($A22+1)+-1,(K$15+1)+0)+INDEX(Kernels!$B$5:$D$7,1,3)*INDEX(Datos!$B$3:$K$12,($A22+1)+-1,(K$15+1)+1)+INDEX(Kernels!$B$5:$D$7,2,1)*INDEX(Datos!$B$3:$K$12,($A22+1)+0,(K$15+1)+-1)+INDEX(Kernels!$B$5:$D$7,2,2)*INDEX(Datos!$B$3:$K$12,($A22+1)+0,(K$15+1)+0)+INDEX(Kernels!$B$5:$D$7,2,3)*INDEX(Datos!$B$3:$K$12,($A22+1)+0,(K$15+1)+1)+INDEX(Kernels!$B$5:$D$7,3,1)*INDEX(Datos!$B$3:$K$12,($A22+1)+1,(K$15+1)+-1)+INDEX(Kernels!$B$5:$D$7,3,2)*INDEX(Datos!$B$3:$K$12,($A22+1)+1,(K$15+1)+0)+INDEX(Kernels!$B$5:$D$7,3,3)*INDEX(Datos!$B$3:$K$12,($A22+1)+1,(K$15+1)+1))/Kernels!$F$6,"")
A23: 7 | B23: =IF(AND($A23>=1,$A23<=8,B$15>=1,B$15<=8),(INDEX(Kernels!$B$5:$D$7,1,1)*INDEX(Datos!$B$3:$K$12,($A23+1)+-1,(B$15+1)+-1)+INDEX(Kernels!$B$5:$D$7,1,2)*INDEX(Datos!$B$3:$K$12,($A23+1)+-1,(B$15+1)+0)+INDEX(Kernels!$B$5:$D$7,1,3)*INDEX(Datos!$B$3:$K$12,($A23+1)+-1,(B$15+1)+1)+INDEX(Kernels!$B$5:$D$7,2,1)*INDEX(Datos!$B$3:$K$12,($A23+1)+0,(B$15+1)+-1)+INDEX(Kernels!$B$5:$D$7,2,2)*INDEX(Datos!$B$3:$K$12,($A23+1)+0,(B$15+1)+0)+INDEX(Kernels!$B$5:$D$7,2,3)*INDEX(Datos!$B$3:$K$12,($A23+1)+0,(B$15+1)+1)+INDEX(Kernels!$B$5:$D$7,3,1)*INDEX(Datos!$B$3:$K$12,($A23+1)+1,(B$15+1)+-1)+INDEX(Kernels!$B$5:$D$7,3,2)*INDEX(Datos!$B$3:$K$12,($A23+1)+1,(B$15+1)+0)+INDEX(Kernels!$B$5:$D$7,3,3)*INDEX(Datos!$B$3:$K$12,($A23+1)+1,(B$15+1)+1))/Kernels!$F$6,"") | C23: =IF(AND($A23>=1,$A23<=8,C$15>=1,C$15<=8),(INDEX(Kernels!$B$5:$D$7,1,1)*INDEX(Datos!$B$3:$K$12,($A23+1)+-1,(C$15+1)+-1)+INDEX(Kernels!$B$5:$D$7,1,2)*INDEX(Datos!$B$3:$K$12,($A23+1)+-1,(C$15+1)+0)+INDEX(Kernels!$B$5:$D$7,1,3)*INDEX(Datos!$B$3:$K$12,($A23+1)+-1,(C$15+1)+1)+INDEX(Kernels!$B$5:$D$7,2,1)*INDEX(Datos!$B$3:$K$12,($A23+1)+0,(C$15+1)+-1)+INDEX(Kernels!$B$5:$D$7,2,2)*INDEX(Datos!$B$3:$K$12,($A23+1)+0,(C$15+1)+0)+INDEX(Kernels!$B$5:$D$7,2,3)*INDEX(Datos!$B$3:$K$12,($A23+1)+0,(C$15+1)+1)+INDEX(Kernels!$B$5:$D$7,3,1)*INDEX(Datos!$B$3:$K$12,($A23+1)+1,(C$15+1)+-1)+INDEX(Kernels!$B$5:$D$7,3,2)*INDEX(Datos!$B$3:$K$12,($A23+1)+1,(C$15+1)+0)+INDEX(Kernels!$B$5:$D$7,3,3)*INDEX(Datos!$B$3:$K$12,($A23+1)+1,(C$15+1)+1))/Kernels!$F$6,"") -> 68 | D23: =IF(AND($A23>=1,$A23<=8,D$15>=1,D$15<=8),(INDEX(Kernels!$B$5:$D$7,1,1)*INDEX(Datos!$B$3:$K$12,($A23+1)+-1,(D$15+1)+-1)+INDEX(Kernels!$B$5:$D$7,1,2)*INDEX(Datos!$B$3:$K$12,($A23+1)+-1,(D$15+1)+0)+INDEX(Kernels!$B$5:$D$7,1,3)*INDEX(Datos!$B$3:$K$12,($A23+1)+-1,(D$15+1)+1)+INDEX(Kernels!$B$5:$D$7,2,1)*INDEX(Datos!$B$3:$K$12,($A23+1)+0,(D$15+1)+-1)+INDEX(Kernels!$B$5:$D$7,2,2)*INDEX(Datos!$B$3:$K$12,($A23+1)+0,(D$15+1)+0)+INDEX(Kernels!$B$5:$D$7,2,3)*INDEX(Datos!$B$3:$K$12,($A23+1)+0,(D$15+1)+1)+INDEX(Kernels!$B$5:$D$7,3,1)*INDEX(Datos!$B$3:$K$12,($A23+1)+1,(D$15+1)+-1)+INDEX(Kernels!$B$5:$D$7,3,2)*INDEX(Datos!$B$3:$K$12,($A23+1)+1,(D$15+1)+0)+INDEX(Kernels!$B$5:$D$7,3,3)*INDEX(Datos!$B$3:$K$12,($A23+1)+1,(D$15+1)+1))/Kernels!$F$6,"") -> 80.111111 | E23: =IF(AND($A23>=1,$A23<=8,E$15>=1,E$15<=8),(INDEX(Kernels!$B$5:$D$7,1,1)*INDEX(Datos!$B$3:$K$12,($A23+1)+-1,(E$15+1)+-1)+INDEX(Kernels!$B$5:$D$7,1,2)*INDEX(Datos!$B$3:$K$12,($A23+1)+-1,(E$15+1)+0)+INDEX(Kernels!$B$5:$D$7,1,3)*INDEX(Datos!$B$3:$K$12,($A23+1)+-1,(E$15+1)+1)+INDEX(Kernels!$B$5:$D$7,2,1)*INDEX(Datos!$B$3:$K$12,($A23+1)+0,(E$15+1)+-1)+INDEX(Kernels!$B$5:$D$7,2,2)*INDEX(Datos!$B$3:$K$12,($A23+1)+0,(E$15+1)+0)+INDEX(Kernels!$B$5:$D$7,2,3)*INDEX(Datos!$B$3:$K$12,($A23+1)+0,(E$15+1)+1)+INDEX(Kernels!$B$5:$D$7,3,1)*INDEX(Datos!$B$3:$K$12,($A23+1)+1,(E$15+1)+-1)+INDEX(Kernels!$B$5:$D$7,3,2)*INDEX(Datos!$B$3:$K$12,($A23+1)+1,(E$15+1)+0)+INDEX(Kernels!$B$5:$D$7,3,3)*INDEX(Datos!$B$3:$K$12,($A23+1)+1,(E$15+1)+1))/Kernels!$F$6,"") -> 96.666667 | F23: =IF(AND($A23>=1,$A23<=8,F$15>=1,F$15<=8),(INDEX(Kernels!$B$5:$D$7,1,1)*INDEX(Datos!$B$3:$K$12,($A23+1)+-1,(F$15+1)+-1)+INDEX(Kernels!$B$5:$D$7,1,2)*INDEX(Datos!$B$3:$K$12,($A23+1)+-1,(F$15+1)+0)+INDEX(Kernels!$B$5:$D$7,1,3)*INDEX(Datos!$B$3:$K$12,($A23+1)+-1,(F$15+1)+1)+INDEX(Kernels!$B$5:$D$7,2,1)*INDEX(Datos!$B$3:$K$12,($A23+1)+0,(F$15+1)+-1)+INDEX(Kernels!$B$5:$D$7,2,2)*INDEX(Datos!$B$3:$K$12,($A23+1)+0,(F$15+1)+0)+INDEX(Kernels!$B$5:$D$7,2,3)*INDEX(Datos!$B$3:$K$12,($A23+1)+0,(F$15+1)+1)+INDEX(Kernels!$B$5:$D$7,3,1)*INDEX(Datos!$B$3:$K$12,($A23+1)+1,(F$15+1)+-1)+INDEX(Kernels!$B$5:$D$7,3,2)*INDEX(Datos!$B$3:$K$12,($A23+1)+1,(F$15+1)+0)+INDEX(Kernels!$B$5:$D$7,3,3)*INDEX(Datos!$B$3:$K$12,($A23+1)+1,(F$15+1)+1))/Kernels!$F$6,"") -> 107.44444 | G23: =IF(AND($A23>=1,$A23<=8,G$15>=1,G$15<=8),(INDEX(Kernels!$B$5:$D$7,1,1)*INDEX(Datos!$B$3:$K$12,($A23+1)+-1,(G$15+1)+-1)+INDEX(Kernels!$B$5:$D$7,1,2)*INDEX(Datos!$B$3:$K$12,($A23+1)+-1,(G$15+1)+0)+INDEX(Kernels!$B$5:$D$7,1,3)*INDEX(Datos!$B$3:$K$12,($A23+1)+-1,(G$15+1)+1)+INDEX(Kernels!$B$5:$D$7,2,1)*INDEX(Datos!$B$3:$K$12,($A23+1)+0,(G$15+1)+-1)+INDEX(Kernels!$B$5:$D$7,2,2)*INDEX(Datos!$B$3:$K$12,($A23+1)+0,(G$15+1)+0)+INDEX(Kernels!$B$5:$D$7,2,3)*INDEX(Datos!$B$3:$K$12,($A23+1)+0,(G$15+1)+1)+INDEX(Kernels!$B$5:$D$7,3,1)*INDEX(Datos!$B$3:$K$12,($A23+1)+1,(G$15+1)+-1)+INDEX(Kernels!$B$5:$D$7,3,2)*INDEX(Datos!$B$3:$K$12,($A23+1)+1,(G$15+1)+0)+INDEX(Kernels!$B$5:$D$7,3,3)*INDEX(Datos!$B$3:$K$12,($A23+1)+1,(G$15+1)+1))/Kernels!$F$6,"") -> 111.88889 | H23: =IF(AND($A23>=1,$A23<=8,H$15>=1,H$15<=8),(INDEX(Kernels!$B$5:$D$7,1,1)*INDEX(Datos!$B$3:$K$12,($A23+1)+-1,(H$15+1)+-1)+INDEX(Kernels!$B$5:$D$7,1,2)*INDEX(Datos!$B$3:$K$12,($A23+1)+-1,(H$15+1)+0)+INDEX(Kernels!$B$5:$D$7,1,3)*INDEX(Datos!$B$3:$K$12,($A23+1)+-1,(H$15+1)+1)+INDEX(Kernels!$B$5:$D$7,2,1)*INDEX(Datos!$B$3:$K$12,($A23+1)+0,(H$15+1)+-1)+INDEX(Kernels!$B$5:$D$7,2,2)*INDEX(Datos!$B$3:$K$12,($A23+1)+0,(H$15+1)+0)+INDEX(Kernels!$B$5:$D$7,2,3)*INDEX(Datos!$B$3:$K$12,($A23+1)+0,(H$15+1)+1)+INDEX(Kernels!$B$5:$D$7,3,1)*INDEX(Datos!$B$3:$K$12,($A23+1)+1,(H$15+1)+-1)+INDEX(Kernels!$B$5:$D$7,3,2)*INDEX(Datos!$B$3:$K$12,($A23+1)+1,(H$15+1)+0)+INDEX(Kernels!$B$5:$D$7,3,3)*INDEX(Datos!$B$3:$K$12,($A23+1)+1,(H$15+1)+1))/Kernels!$F$6,"") -> 120.22222 | I23: =IF(AND($A23>=1,$A23<=8,I$15>=1,I$15<=8),(INDEX(Kernels!$B$5:$D$7,1,1)*INDEX(Datos!$B$3:$K$12,($A23+1)+-1,(I$15+1)+-1)+INDEX(Kernels!$B$5:$D$7,1,2)*INDEX(Datos!$B$3:$K$12,($A23+1)+-1,(I$15+1)+0)+INDEX(Kernels!$B$5:$D$7,1,3)*INDEX(Datos!$B$3:$K$12,($A23+1)+-1,(I$15+1)+1)+INDEX(Kernels!$B$5:$D$7,2,1)*INDEX(Datos!$B$3:$K$12,($A23+1)+0,(I$15+1)+-1)+INDEX(Kernels!$B$5:$D$7,2,2)*INDEX(Datos!$B$3:$K$12,($A23+1)+0,(I$15+1)+0)+INDEX(Kernels!$B$5:$D$7,2,3)*INDEX(Datos!$B$3:$K$12,($A23+1)+0,(I$15+1)+1)+INDEX(Kernels!$B$5:$D$7,3,1)*INDEX(Datos!$B$3:$K$12,($A23+1)+1,(I$15+1)+-1)+INDEX(Kernels!$B$5:$D$7,3,2)*INDEX(Datos!$B$3:$K$12,($A23+1)+1,(I$15+1)+0)+INDEX(Kernels!$B$5:$D$7,3,3)*INDEX(Datos!$B$3:$K$12,($A23+1)+1,(I$15+1)+1))/Kernels!$F$6,"") -> 129 | ... K23: =IF(AND($A23>=1,$A23<=8,K$15>=1,K$15<=8),(INDEX(Kernels!$B$5:$D$7,1,1)*INDEX(Datos!$B$3:$K$12,($A23+1)+-1,(K$15+1)+-1)+INDEX(Kernels!$B$5:$D$7,1,2)*INDEX(Datos!$B$3:$K$12,($A23+1)+-1,(K$15+1)+0)+INDEX(Kernels!$B$5:$D$7,1,3)*INDEX(Datos!$B$3:$K$12,($A23+1)+-1,(K$15+1)+1)+INDEX(Kernels!$B$5:$D$7,2,1)*INDEX(Datos!$B$3:$K$12,($A23+1)+0,(K$15+1)+-1)+INDEX(Kernels!$B$5:$D$7,2,2)*INDEX(Datos!$B$3:$K$12,($A23+1)+0,(K$15+1)+0)+INDEX(Kernels!$B$5:$D$7,2,3)*INDEX(Datos!$B$3:$K$12,($A23+1)+0,(K$15+1)+1)+INDEX(Kernels!$B$5:$D$7,3,1)*INDEX(Datos!$B$3:$K$12,($A23+1)+1,(K$15+1)+-1)+INDEX(Kernels!$B$5:$D$7,3,2)*INDEX(Datos!$B$3:$K$12,($A23+1)+1,(K$15+1)+0)+INDEX(Kernels!$B$5:$D$7,3,3)*INDEX(Datos!$B$3:$K$12,($A23+1)+1,(K$15+1)+1))/Kernels!$F$6,"")
A24: 8 | B24: =IF(AND($A24>=1,$A24<=8,B$15>=1,B$15<=8),(INDEX(Kernels!$B$5:$D$7,1,1)*INDEX(Datos!$B$3:$K$12,($A24+1)+-1,(B$15+1)+-1)+INDEX(Kernels!$B$5:$D$7,1,2)*INDEX(Datos!$B$3:$K$12,($A24+1)+-1,(B$15+1)+0)+INDEX(Kernels!$B$5:$D$7,1,3)*INDEX(Datos!$B$3:$K$12,($A24+1)+-1,(B$15+1)+1)+INDEX(Kernels!$B$5:$D$7,2,1)*INDEX(Datos!$B$3:$K$12,($A24+1)+0,(B$15+1)+-1)+INDEX(Kernels!$B$5:$D$7,2,2)*INDEX(Datos!$B$3:$K$12,($A24+1)+0,(B$15+1)+0)+INDEX(Kernels!$B$5:$D$7,2,3)*INDEX(Datos!$B$3:$K$12,($A24+1)+0,(B$15+1)+1)+INDEX(Kernels!$B$5:$D$7,3,1)*INDEX(Datos!$B$3:$K$12,($A24+1)+1,(B$15+1)+-1)+INDEX(Kernels!$B$5:$D$7,3,2)*INDEX(Datos!$B$3:$K$12,($A24+1)+1,(B$15+1)+0)+INDEX(Kernels!$B$5:$D$7,3,3)*INDEX(Datos!$B$3:$K$12,($A24+1)+1,(B$15+1)+1))/Kernels!$F$6,"") | C24: =IF(AND($A24>=1,$A24<=8,C$15>=1,C$15<=8),(INDEX(Kernels!$B$5:$D$7,1,1)*INDEX(Datos!$B$3:$K$12,($A24+1)+-1,(C$15+1)+-1)+INDEX(Kernels!$B$5:$D$7,1,2)*INDEX(Datos!$B$3:$K$12,($A24+1)+-1,(C$15+1)+0)+INDEX(Kernels!$B$5:$D$7,1,3)*INDEX(Datos!$B$3:$K$12,($A24+1)+-1,(C$15+1)+1)+INDEX(Kernels!$B$5:$D$7,2,1)*INDEX(Datos!$B$3:$K$12,($A24+1)+0,(C$15+1)+-1)+INDEX(Kernels!$B$5:$D$7,2,2)*INDEX(Datos!$B$3:$K$12,($A24+1)+0,(C$15+1)+0)+INDEX(Kernels!$B$5:$D$7,2,3)*INDEX(Datos!$B$3:$K$12,($A24+1)+0,(C$15+1)+1)+INDEX(Kernels!$B$5:$D$7,3,1)*INDEX(Datos!$B$3:$K$12,($A24+1)+1,(C$15+1)+-1)+INDEX(Kernels!$B$5:$D$7,3,2)*INDEX(Datos!$B$3:$K$12,($A24+1)+1,(C$15+1)+0)+INDEX(Kernels!$B$5:$D$7,3,3)*INDEX(Datos!$B$3:$K$12,($A24+1)+1,(C$15+1)+1))/Kernels!$F$6,"") -> 71.888889 | D24: =IF(AND($A24>=1,$A24<=8,D$15>=1,D$15<=8),(INDEX(Kernels!$B$5:$D$7,1,1)*INDEX(Datos!$B$3:$K$12,($A24+1)+-1,(D$15+1)+-1)+INDEX(Kernels!$B$5:$D$7,1,2)*INDEX(Datos!$B$3:$K$12,($A24+1)+-1,(D$15+1)+0)+INDEX(Kernels!$B$5:$D$7,1,3)*INDEX(Datos!$B$3:$K$12,($A24+1)+-1,(D$15+1)+1)+INDEX(Kernels!$B$5:$D$7,2,1)*INDEX(Datos!$B$3:$K$12,($A24+1)+0,(D$15+1)+-1)+INDEX(Kernels!$B$5:$D$7,2,2)*INDEX(Datos!$B$3:$K$12,($A24+1)+0,(D$15+1)+0)+INDEX(Kernels!$B$5:$D$7,2,3)*INDEX(Datos!$B$3:$K$12,($A24+1)+0,(D$15+1)+1)+INDEX(Kernels!$B$5:$D$7,3,1)*INDEX(Datos!$B$3:$K$12,($A24+1)+1,(D$15+1)+-1)+INDEX(Kernels!$B$5:$D$7,3,2)*INDEX(Datos!$B$3:$K$12,($A24+1)+1,(D$15+1)+0)+INDEX(Kernels!$B$5:$D$7,3,3)*INDEX(Datos!$B$3:$K$12,($A24+1)+1,(D$15+1)+1))/Kernels!$F$6,"") -> 77.666667 | E24: =IF(AND($A24>=1,$A24<=8,E$15>=1,E$15<=8),(INDEX(Kernels!$B$5:$D$7,1,1)*INDEX(Datos!$B$3:$K$12,($A24+1)+-1,(E$15+1)+-1)+INDEX(Kernels!$B$5:$D$7,1,2)*INDEX(Datos!$B$3:$K$12,($A24+1)+-1,(E$15+1)+0)+INDEX(Kernels!$B$5:$D$7,1,3)*INDEX(Datos!$B$3:$K$12,($A24+1)+-1,(E$15+1)+1)+INDEX(Kernels!$B$5:$D$7,2,1)*INDEX(Datos!$B$3:$K$12,($A24+1)+0,(E$15+1)+-1)+INDEX(Kernels!$B$5:$D$7,2,2)*INDEX(Datos!$B$3:$K$12,($A24+1)+0,(E$15+1)+0)+INDEX(Kernels!$B$5:$D$7,2,3)*INDEX(Datos!$B$3:$K$12,($A24+1)+0,(E$15+1)+1)+INDEX(Kernels!$B$5:$D$7,3,1)*INDEX(Datos!$B$3:$K$12,($A24+1)+1,(E$15+1)+-1)+INDEX(Kernels!$B$5:$D$7,3,2)*INDEX(Datos!$B$3:$K$12,($A24+1)+1,(E$15+1)+0)+INDEX(Kernels!$B$5:$D$7,3,3)*INDEX(Datos!$B$3:$K$12,($A24+1)+1,(E$15+1)+1))/Kernels!$F$6,"") -> 84.666667 | F24: =IF(AND($A24>=1,$A24<=8,F$15>=1,F$15<=8),(INDEX(Kernels!$B$5:$D$7,1,1)*INDEX(Datos!$B$3:$K$12,($A24+1)+-1,(F$15+1)+-1)+INDEX(Kernels!$B$5:$D$7,1,2)*INDEX(Datos!$B$3:$K$12,($A24+1)+-1,(F$15+1)+0)+INDEX(Kernels!$B$5:$D$7,1,3)*INDEX(Datos!$B$3:$K$12,($A24+1)+-1,(F$15+1)+1)+INDEX(Kernels!$B$5:$D$7,2,1)*INDEX(Datos!$B$3:$K$12,($A24+1)+0,(F$15+1)+-1)+INDEX(Kernels!$B$5:$D$7,2,2)*INDEX(Datos!$B$3:$K$12,($A24+1)+0,(F$15+1)+0)+INDEX(Kernels!$B$5:$D$7,2,3)*INDEX(Datos!$B$3:$K$12,($A24+1)+0,(F$15+1)+1)+INDEX(Kernels!$B$5:$D$7,3,1)*INDEX(Datos!$B$3:$K$12,($A24+1)+1,(F$15+1)+-1)+INDEX(Kernels!$B$5:$D$7,3,2)*INDEX(Datos!$B$3:$K$12,($A24+1)+1,(F$15+1)+0)+INDEX(Kernels!$B$5:$D$7,3,3)*INDEX(Datos!$B$3:$K$12,($A24+1)+1,(F$15+1)+1))/Kernels!$F$6,"") -> 89.888889 | G24: =IF(AND($A24>=1,$A24<=8,G$15>=1,G$15<=8),(INDEX(Kernels!$B$5:$D$7,1,1)*INDEX(Datos!$B$3:$K$12,($A24+1)+-1,(G$15+1)+-1)+INDEX(Kernels!$B$5:$D$7,1,2)*INDEX(Datos!$B$3:$K$12,($A24+1)+-1,(G$15+1)+0)+INDEX(Kernels!$B$5:$D$7,1,3)*INDEX(Datos!$B$3:$K$12,($A24+1)+-1,(G$15+1)+1)+INDEX(Kernels!$B$5:$D$7,2,1)*INDEX(Datos!$B$3:$K$12,($A24+1)+0,(G$15+1)+-1)+INDEX(Kernels!$B$5:$D$7,2,2)*INDEX(Datos!$B$3:$K$12,($A24+1)+0,(G$15+1)+0)+INDEX(Kernels!$B$5:$D$7,2,3)*INDEX(Datos!$B$3:$K$12,($A24+1)+0,(G$15+1)+1)+INDEX(Kernels!$B$5:$D$7,3,1)*INDEX(Datos!$B$3:$K$12,($A24+1)+1,(G$15+1)+-1)+INDEX(Kernels!$B$5:$D$7,3,2)*INDEX(Datos!$B$3:$K$12,($A24+1)+1,(G$15+1)+0)+INDEX(Kernels!$B$5:$D$7,3,3)*INDEX(Datos!$B$3:$K$12,($A24+1)+1,(G$15+1)+1))/Kernels!$F$6,"") -> 96.555556 | H24: =IF(AND($A24>=1,$A24<=8,H$15>=1,H$15<=8),(INDEX(Kernels!$B$5:$D$7,1,1)*INDEX(Datos!$B$3:$K$12,($A24+1)+-1,(H$15+1)+-1)+INDEX(Kernels!$B$5:$D$7,1,2)*INDEX(Datos!$B$3:$K$12,($A24+1)+-1,(H$15+1)+0)+INDEX(Kernels!$B$5:$D$7,1,3)*INDEX(Datos!$B$3:$K$12,($A24+1)+-1,(H$15+1)+1)+INDEX(Kernels!$B$5:$D$7,2,1)*INDEX(Datos!$B$3:$K$12,($A24+1)+0,(H$15+1)+-1)+INDEX(Kernels!$B$5:$D$7,2,2)*INDEX(Datos!$B$3:$K$12,($A24+1)+0,(H$15+1)+0)+INDEX(Kernels!$B$5:$D$7,2,3)*INDEX(Datos!$B$3:$K$12,($A24+1)+0,(H$15+1)+1)+INDEX(Kernels!$B$5:$D$7,3,1)*INDEX(Datos!$B$3:$K$12,($A24+1)+1,(H$15+1)+-1)+INDEX(Kernels!$B$5:$D$7,3,2)*INDEX(Datos!$B$3:$K$12,($A24+1)+1,(H$15+1)+0)+INDEX(Kernels!$B$5:$D$7,3,3)*INDEX(Datos!$B$3:$K$12,($A24+1)+1,(H$15+1)+1))/Kernels!$F$6,"") -> 112.66667 | I24: =IF(AND($A24>=1,$A24<=8,I$15>=1,I$15<=8),(INDEX(Kernels!$B$5:$D$7,1,1)*INDEX(Datos!$B$3:$K$12,($A24+1)+-1,(I$15+1)+-1)+INDEX(Kernels!$B$5:$D$7,1,2)*INDEX(Datos!$B$3:$K$12,($A24+1)+-1,(I$15+1)+0)+INDEX(Kernels!$B$5:$D$7,1,3)*INDEX(Datos!$B$3:$K$12,($A24+1)+-1,(I$15+1)+1)+INDEX(Kernels!$B$5:$D$7,2,1)*INDEX(Datos!$B$3:$K$12,($A24+1)+0,(I$15+1)+-1)+INDEX(Kernels!$B$5:$D$7,2,2)*INDEX(Datos!$B$3:$K$12,($A24+1)+0,(I$15+1)+0)+INDEX(Kernels!$B$5:$D$7,2,3)*INDEX(Datos!$B$3:$K$12,($A24+1)+0,(I$15+1)+1)+INDEX(Kernels!$B$5:$D$7,3,1)*INDEX(Datos!$B$3:$K$12,($A24+1)+1,(I$15+1)+-1)+INDEX(Kernels!$B$5:$D$7,3,2)*INDEX(Datos!$B$3:$K$12,($A24+1)+1,(I$15+1)+0)+INDEX(Kernels!$B$5:$D$7,3,3)*INDEX(Datos!$B$3:$K$12,($A24+1)+1,(I$15+1)+1))/Kernels!$F$6,"") -> 124.44444 | ... K24: =IF(AND($A24>=1,$A24<=8,K$15>=1,K$15<=8),(INDEX(Kernels!$B$5:$D$7,1,1)*INDEX(Datos!$B$3:$K$12,($A24+1)+-1,(K$15+1)+-1)+INDEX(Kernels!$B$5:$D$7,1,2)*INDEX(Datos!$B$3:$K$12,($A24+1)+-1,(K$15+1)+0)+INDEX(Kernels!$B$5:$D$7,1,3)*INDEX(Datos!$B$3:$K$12,($A24+1)+-1,(K$15+1)+1)+INDEX(Kernels!$B$5:$D$7,2,1)*INDEX(Datos!$B$3:$K$12,($A24+1)+0,(K$15+1)+-1)+INDEX(Kernels!$B$5:$D$7,2,2)*INDEX(Datos!$B$3:$K$12,($A24+1)+0,(K$15+1)+0)+INDEX(Kernels!$B$5:$D$7,2,3)*INDEX(Datos!$B$3:$K$12,($A24+1)+0,(K$15+1)+1)+INDEX(Kernels!$B$5:$D$7,3,1)*INDEX(Datos!$B$3:$K$12,($A24+1)+1,(K$15+1)+-1)+INDEX(Kernels!$B$5:$D$7,3,2)*INDEX(Datos!$B$3:$K$12,($A24+1)+1,(K$15+1)+0)+INDEX(Kernels!$B$5:$D$7,3,3)*INDEX(Datos!$B$3:$K$12,($A24+1)+1,(K$15+1)+1))/Kernels!$F$6,"")
A25: 9 | B25: =IF(AND($A25>=1,$A25<=8,B$15>=1,B$15<=8),(INDEX(Kernels!$B$5:$D$7,1,1)*INDEX(Datos!$B$3:$K$12,($A25+1)+-1,(B$15+1)+-1)+INDEX(Kernels!$B$5:$D$7,1,2)*INDEX(Datos!$B$3:$K$12,($A25+1)+-1,(B$15+1)+0)+INDEX(Kernels!$B$5:$D$7,1,3)*INDEX(Datos!$B$3:$K$12,($A25+1)+-1,(B$15+1)+1)+INDEX(Kernels!$B$5:$D$7,2,1)*INDEX(Datos!$B$3:$K$12,($A25+1)+0,(B$15+1)+-1)+INDEX(Kernels!$B$5:$D$7,2,2)*INDEX(Datos!$B$3:$K$12,($A25+1)+0,(B$15+1)+0)+INDEX(Kernels!$B$5:$D$7,2,3)*INDEX(Datos!$B$3:$K$12,($A25+1)+0,(B$15+1)+1)+INDEX(Kernels!$B$5:$D$7,3,1)*INDEX(Datos!$B$3:$K$12,($A25+1)+1,(B$15+1)+-1)+INDEX(Kernels!$B$5:$D$7,3,2)*INDEX(Datos!$B$3:$K$12,($A25+1)+1,(B$15+1)+0)+INDEX(Kernels!$B$5:$D$7,3,3)*INDEX(Datos!$B$3:$K$12,($A25+1)+1,(B$15+1)+1))/Kernels!$F$6,"") | C25: =IF(AND($A25>=1,$A25<=8,C$15>=1,C$15<=8),(INDEX(Kernels!$B$5:$D$7,1,1)*INDEX(Datos!$B$3:$K$12,($A25+1)+-1,(C$15+1)+-1)+INDEX(Kernels!$B$5:$D$7,1,2)*INDEX(Datos!$B$3:$K$12,($A25+1)+-1,(C$15+1)+0)+INDEX(Kernels!$B$5:$D$7,1,3)*INDEX(Datos!$B$3:$K$12,($A25+1)+-1,(C$15+1)+1)+INDEX(Kernels!$B$5:$D$7,2,1)*INDEX(Datos!$B$3:$K$12,($A25+1)+0,(C$15+1)+-1)+INDEX(Kernels!$B$5:$D$7,2,2)*INDEX(Datos!$B$3:$K$12,($A25+1)+0,(C$15+1)+0)+INDEX(Kernels!$B$5:$D$7,2,3)*INDEX(Datos!$B$3:$K$12,($A25+1)+0,(C$15+1)+1)+INDEX(Kernels!$B$5:$D$7,3,1)*INDEX(Datos!$B$3:$K$12,($A25+1)+1,(C$15+1)+-1)+INDEX(Kernels!$B$5:$D$7,3,2)*INDEX(Datos!$B$3:$K$12,($A25+1)+1,(C$15+1)+0)+INDEX(Kernels!$B$5:$D$7,3,3)*INDEX(Datos!$B$3:$K$12,($A25+1)+1,(C$15+1)+1))/Kernels!$F$6,"") | D25: =IF(AND($A25>=1,$A25<=8,D$15>=1,D$15<=8),(INDEX(Kernels!$B$5:$D$7,1,1)*INDEX(Datos!$B$3:$K$12,($A25+1)+-1,(D$15+1)+-1)+INDEX(Kernels!$B$5:$D$7,1,2)*INDEX(Datos!$B$3:$K$12,($A25+1)+-1,(D$15+1)+0)+INDEX(Kernels!$B$5:$D$7,1,3)*INDEX(Datos!$B$3:$K$12,($A25+1)+-1,(D$15+1)+1)+INDEX(Kernels!$B$5:$D$7,2,1)*INDEX(Datos!$B$3:$K$12,($A25+1)+0,(D$15+1)+-1)+INDEX(Kernels!$B$5:$D$7,2,2)*INDEX(Datos!$B$3:$K$12,($A25+1)+0,(D$15+1)+0)+INDEX(Kernels!$B$5:$D$7,2,3)*INDEX(Datos!$B$3:$K$12,($A25+1)+0,(D$15+1)+1)+INDEX(Kernels!$B$5:$D$7,3,1)*INDEX(Datos!$B$3:$K$12,($A25+1)+1,(D$15+1)+-1)+INDEX(Kernels!$B$5:$D$7,3,2)*INDEX(Datos!$B$3:$K$12,($A25+1)+1,(D$15+1)+0)+INDEX(Kernels!$B$5:$D$7,3,3)*INDEX(Datos!$B$3:$K$12,($A25+1)+1,(D$15+1)+1))/Kernels!$F$6,"") | E25: =IF(AND($A25>=1,$A25<=8,E$15>=1,E$15<=8),(INDEX(Kernels!$B$5:$D$7,1,1)*INDEX(Datos!$B$3:$K$12,($A25+1)+-1,(E$15+1)+-1)+INDEX(Kernels!$B$5:$D$7,1,2)*INDEX(Datos!$B$3:$K$12,($A25+1)+-1,(E$15+1)+0)+INDEX(Kernels!$B$5:$D$7,1,3)*INDEX(Datos!$B$3:$K$12,($A25+1)+-1,(E$15+1)+1)+INDEX(Kernels!$B$5:$D$7,2,1)*INDEX(Datos!$B$3:$K$12,($A25+1)+0,(E$15+1)+-1)+INDEX(Kernels!$B$5:$D$7,2,2)*INDEX(Datos!$B$3:$K$12,($A25+1)+0,(E$15+1)+0)+INDEX(Kernels!$B$5:$D$7,2,3)*INDEX(Datos!$B$3:$K$12,($A25+1)+0,(E$15+1)+1)+INDEX(Kernels!$B$5:$D$7,3,1)*INDEX(Datos!$B$3:$K$12,($A25+1)+1,(E$15+1)+-1)+INDEX(Kernels!$B$5:$D$7,3,2)*INDEX(Datos!$B$3:$K$12,($A25+1)+1,(E$15+1)+0)+INDEX(Kernels!$B$5:$D$7,3,3)*INDEX(Datos!$B$3:$K$12,($A25+1)+1,(E$15+1)+1))/Kernels!$F$6,"") | F25: =IF(AND($A25>=1,$A25<=8,F$15>=1,F$15<=8),(INDEX(Kernels!$B$5:$D$7,1,1)*INDEX(Datos!$B$3:$K$12,($A25+1)+-1,(F$15+1)+-1)+INDEX(Kernels!$B$5:$D$7,1,2)*INDEX(Datos!$B$3:$K$12,($A25+1)+-1,(F$15+1)+0)+INDEX(Kernels!$B$5:$D$7,1,3)*INDEX(Datos!$B$3:$K$12,($A25+1)+-1,(F$15+1)+1)+INDEX(Kernels!$B$5:$D$7,2,1)*INDEX(Datos!$B$3:$K$12,($A25+1)+0,(F$15+1)+-1)+INDEX(Kernels!$B$5:$D$7,2,2)*INDEX(Datos!$B$3:$K$12,($A25+1)+0,(F$15+1)+0)+INDEX(Kernels!$B$5:$D$7,2,3)*INDEX(Datos!$B$3:$K$12,($A25+1)+0,(F$15+1)+1)+INDEX(Kernels!$B$5:$D$7,3,1)*INDEX(Datos!$B$3:$K$12,($A25+1)+1,(F$15+1)+-1)+INDEX(Kernels!$B$5:$D$7,3,2)*INDEX(Datos!$B$3:$K$12,($A25+1)+1,(F$15+1)+0)+INDEX(Kernels!$B$5:$D$7,3,3)*INDEX(Datos!$B$3:$K$12,($A25+1)+1,(F$15+1)+1))/Kernels!$F$6,"") | G25: =IF(AND($A25>=1,$A25<=8,G$15>=1,G$15<=8),(INDEX(Kernels!$B$5:$D$7,1,1)*INDEX(Datos!$B$3:$K$12,($A25+1)+-1,(G$15+1)+-1)+INDEX(Kernels!$B$5:$D$7,1,2)*INDEX(Datos!$B$3:$K$12,($A25+1)+-1,(G$15+1)+0)+INDEX(Kernels!$B$5:$D$7,1,3)*INDEX(Datos!$B$3:$K$12,($A25+1)+-1,(G$15+1)+1)+INDEX(Kernels!$B$5:$D$7,2,1)*INDEX(Datos!$B$3:$K$12,($A25+1)+0,(G$15+1)+-1)+INDEX(Kernels!$B$5:$D$7,2,2)*INDEX(Datos!$B$3:$K$12,($A25+1)+0,(G$15+1)+0)+INDEX(Kernels!$B$5:$D$7,2,3)*INDEX(Datos!$B$3:$K$12,($A25+1)+0,(G$15+1)+1)+INDEX(Kernels!$B$5:$D$7,3,1)*INDEX(Datos!$B$3:$K$12,($A25+1)+1,(G$15+1)+-1)+INDEX(Kernels!$B$5:$D$7,3,2)*INDEX(Datos!$B$3:$K$12,($A25+1)+1,(G$15+1)+0)+INDEX(Kernels!$B$5:$D$7,3,3)*INDEX(Datos!$B$3:$K$12,($A25+1)+1,(G$15+1)+1))/Kernels!$F$6,"") | H25: =IF(AND($A25>=1,$A25<=8,H$15>=1,H$15<=8),(INDEX(Kernels!$B$5:$D$7,1,1)*INDEX(Datos!$B$3:$K$12,($A25+1)+-1,(H$15+1)+-1)+INDEX(Kernels!$B$5:$D$7,1,2)*INDEX(Datos!$B$3:$K$12,($A25+1)+-1,(H$15+1)+0)+INDEX(Kernels!$B$5:$D$7,1,3)*INDEX(Datos!$B$3:$K$12,($A25+1)+-1,(H$15+1)+1)+INDEX(Kernels!$B$5:$D$7,2,1)*INDEX(Datos!$B$3:$K$12,($A25+1)+0,(H$15+1)+-1)+INDEX(Kernels!$B$5:$D$7,2,2)*INDEX(Datos!$B$3:$K$12,($A25+1)+0,(H$15+1)+0)+INDEX(Kernels!$B$5:$D$7,2,3)*INDEX(Datos!$B$3:$K$12,($A25+1)+0,(H$15+1)+1)+INDEX(Kernels!$B$5:$D$7,3,1)*INDEX(Datos!$B$3:$K$12,($A25+1)+1,(H$15+1)+-1)+INDEX(Kernels!$B$5:$D$7,3,2)*INDEX(Datos!$B$3:$K$12,($A25+1)+1,(H$15+1)+0)+INDEX(Kernels!$B$5:$D$7,3,3)*INDEX(Datos!$B$3:$K$12,($A25+1)+1,(H$15+1)+1))/Kernels!$F$6,"") | I25: =IF(AND($A25>=1,$A25<=8,I$15>=1,I$15<=8),(INDEX(Kernels!$B$5:$D$7,1,1)*INDEX(Datos!$B$3:$K$12,($A25+1)+-1,(I$15+1)+-1)+INDEX(Kernels!$B$5:$D$7,1,2)*INDEX(Datos!$B$3:$K$12,($A25+1)+-1,(I$15+1)+0)+INDEX(Kernels!$B$5:$D$7,1,3)*INDEX(Datos!$B$3:$K$12,($A25+1)+-1,(I$15+1)+1)+INDEX(Kernels!$B$5:$D$7,2,1)*INDEX(Datos!$B$3:$K$12,($A25+1)+0,(I$15+1)+-1)+INDEX(Kernels!$B$5:$D$7,2,2)*INDEX(Datos!$B$3:$K$12,($A25+1)+0,(I$15+1)+0)+INDEX(Kernels!$B$5:$D$7,2,3)*INDEX(Datos!$B$3:$K$12,($A25+1)+0,(I$15+1)+1)+INDEX(Kernels!$B$5:$D$7,3,1)*INDEX(Datos!$B$3:$K$12,($A25+1)+1,(I$15+1)+-1)+INDEX(Kernels!$B$5:$D$7,3,2)*INDEX(Datos!$B$3:$K$12,($A25+1)+1,(I$15+1)+0)+INDEX(Kernels!$B$5:$D$7,3,3)*INDEX(Datos!$B$3:$K$12,($A25+1)+1,(I$15+1)+1))/Kernels!$F$6,"") | ... K25: =IF(AND($A25>=1,$A25<=8,K$15>=1,K$15<=8),(INDEX(Kernels!$B$5:$D$7,1,1)*INDEX(Datos!$B$3:$K$12,($A25+1)+-1,(K$15+1)+-1)+INDEX(Kernels!$B$5:$D$7,1,2)*INDEX(Datos!$B$3:$K$12,($A25+1)+-1,(K$15+1)+0)+INDEX(Kernels!$B$5:$D$7,1,3)*INDEX(Datos!$B$3:$K$12,($A25+1)+-1,(K$15+1)+1)+INDEX(Kernels!$B$5:$D$7,2,1)*INDEX(Datos!$B$3:$K$12,($A25+1)+0,(K$15+1)+-1)+INDEX(Kernels!$B$5:$D$7,2,2)*INDEX(Datos!$B$3:$K$12,($A25+1)+0,(K$15+1)+0)+INDEX(Kernels!$B$5:$D$7,2,3)*INDEX(Datos!$B$3:$K$12,($A25+1)+0,(K$15+1)+1)+INDEX(Kernels!$B$5:$D$7,3,1)*INDEX(Datos!$B$3:$K$12,($A25+1)+1,(K$15+1)+-1)+INDEX(Kernels!$B$5:$D$7,3,2)*INDEX(Datos!$B$3:$K$12,($A25+1)+1,(K$15+1)+0)+INDEX(Kernels!$B$5:$D$7,3,3)*INDEX(Datos!$B$3:$K$12,($A25+1)+1,(K$15+1)+1))/Kernels!$F$6,"")
A28: Filtro Gaussiano 3×3 (normalizado)
A29: i\j | B29: 0 | C29: 1 | D29: 2 | E29: 3 | F29: 4 | G29: 5 | H29: 6 | I29: 7 | J29: 8 | K29: 9
A30: 0 | B30: =IF(AND($A30>=1,$A30<=8,B$29>=1,B$29<=8),(INDEX(Kernels!$G$5:$I$7,1,1)*INDEX(Datos!$B$3:$K$12,($A30+1)+-1,(B$29+1)+-1)+INDEX(Kernels!$G$5:$I$7,1,2)*INDEX(Datos!$B$3:$K$12,($A30+1)+-1,(B$29+1)+0)+INDEX(Kernels!$G$5:$I$7,1,3)*INDEX(Datos!$B$3:$K$12,($A30+1)+-1,(B$29+1)+1)+INDEX(Kernels!$G$5:$I$7,2,1)*INDEX(Datos!$B$3:$K$12,($A30+1)+0,(B$29+1)+-1)+INDEX(Kernels!$G$5:$I$7,2,2)*INDEX(Datos!$B$3:$K$12,($A30+1)+0,(B$29+1)+0)+INDEX(Kernels!$G$5:$I$7,2,3)*INDEX(Datos!$B$3:$K$12,($A30+1)+0,(B$29+1)+1)+INDEX(Kernels!$G$5:$I$7,3,1)*INDEX(Datos!$B$3:$K$12,($A30+1)+1,(B$29+1)+-1)+INDEX(Kernels!$G$5:$I$7,3,2)*INDEX(Datos!$B$3:$K$12,($A30+1)+1,(B$29+1)+0)+INDEX(Kernels!$G$5:$I$7,3,3)*INDEX(Datos!$B$3:$K$12,($A30+1)+1,(B$29+1)+1))/Kernels!$K$6,"") | C30: =IF(AND($A30>=1,$A30<=8,C$29>=1,C$29<=8),(INDEX(Kernels!$G$5:$I$7,1,1)*INDEX(Datos!$B$3:$K$12,($A30+1)+-1,(C$29+1)+-1)+INDEX(Kernels!$G$5:$I$7,1,2)*INDEX(Datos!$B$3:$K$12,($A30+1)+-1,(C$29+1)+0)+INDEX(Kernels!$G$5:$I$7,1,3)*INDEX(Datos!$B$3:$K$12,($A30+1)+-1,(C$29+1)+1)+INDEX(Kernels!$G$5:$I$7,2,1)*INDEX(Datos!$B$3:$K$12,($A30+1)+0,(C$29+1)+-1)+INDEX(Kernels!$G$5:$I$7,2,2)*INDEX(Datos!$B$3:$K$12,($A30+1)+0,(C$29+1)+0)+INDEX(Kernels!$G$5:$I$7,2,3)*INDEX(Datos!$B$3:$K$12,($A30+1)+0,(C$29+1)+1)+INDEX(Kernels!$G$5:$I$7,3,1)*INDEX(Datos!$B$3:$K$12,($A30+1)+1,(C$29+1)+-1)+INDEX(Kernels!$G$5:$I$7,3,2)*INDEX(Datos!$B$3:$K$12,($A30+1)+1,(C$29+1)+0)+INDEX(Kernels!$G$5:$I$7,3,3)*INDEX(Datos!$B$3:$K$12,($A30+1)+1,(C$29+1)+1))/Kernels!$K$6,"") | D30: =IF(AND($A30>=1,$A30<=8,D$29>=1,D$29<=8),(INDEX(Kernels!$G$5:$I$7,1,1)*INDEX(Datos!$B$3:$K$12,($A30+1)+-1,(D$29+1)+-1)+INDEX(Kernels!$G$5:$I$7,1,2)*INDEX(Datos!$B$3:$K$12,($A30+1)+-1,(D$29+1)+0)+INDEX(Kernels!$G$5:$I$7,1,3)*INDEX(Datos!$B$3:$K$12,($A30+1)+-1,(D$29+1)+1)+INDEX(Kernels!$G$5:$I$7,2,1)*INDEX(Datos!$B$3:$K$12,($A30+1)+0,(D$29+1)+-1)+INDEX(Kernels!$G$5:$I$7,2,2)*INDEX(Datos!$B$3:$K$12,($A30+1)+0,(D$29+1)+0)+INDEX(Kernels!$G$5:$I$7,2,3)*INDEX(Datos!$B$3:$K$12,($A30+1)+0,(D$29+1)+1)+INDEX(Kernels!$G$5:$I$7,3,1)*INDEX(Datos!$B$3:$K$12,($A30+1)+1,(D$29+1)+-1)+INDEX(Kernels!$G$5:$I$7,3,2)*INDEX(Datos!$B$3:$K$12,($A30+1)+1,(D$29+1)+0)+INDEX(Kernels!$G$5:$I$7,3,3)*INDEX(Datos!$B$3:$K$12,($A30+1)+1,(D$29+1)+1))/Kernels!$K$6,"") | E30: =IF(AND($A30>=1,$A30<=8,E$29>=1,E$29<=8),(INDEX(Kernels!$G$5:$I$7,1,1)*INDEX(Datos!$B$3:$K$12,($A30+1)+-1,(E$29+1)+-1)+INDEX(Kernels!$G$5:$I$7,1,2)*INDEX(Datos!$B$3:$K$12,($A30+1)+-1,(E$29+1)+0)+INDEX(Kernels!$G$5:$I$7,1,3)*INDEX(Datos!$B$3:$K$12,($A30+1)+-1,(E$29+1)+1)+INDEX(Kernels!$G$5:$I$7,2,1)*INDEX(Datos!$B$3:$K$12,($A30+1)+0,(E$29+1)+-1)+INDEX(Kernels!$G$5:$I$7,2,2)*INDEX(Datos!$B$3:$K$12,($A30+1)+0,(E$29+1)+0)+INDEX(Kernels!$G$5:$I$7,2,3)*INDEX(Datos!$B$3:$K$12,($A30+1)+0,(E$29+1)+1)+INDEX(Kernels!$G$5:$I$7,3,1)*INDEX(Datos!$B$3:$K$12,($A30+1)+1,(E$29+1)+-1)+INDEX(Kernels!$G$5:$I$7,3,2)*INDEX(Datos!$B$3:$K$12,($A30+1)+1,(E$29+1)+0)+INDEX(Kernels!$G$5:$I$7,3,3)*INDEX(Datos!$B$3:$K$12,($A30+1)+1,(E$29+1)+1))/Kernels!$K$6,"") | F30: =IF(AND($A30>=1,$A30<=8,F$29>=1,F$29<=8),(INDEX(Kernels!$G$5:$I$7,1,1)*INDEX(Datos!$B$3:$K$12,($A30+1)+-1,(F$29+1)+-1)+INDEX(Kernels!$G$5:$I$7,1,2)*INDEX(Datos!$B$3:$K$12,($A30+1)+-1,(F$29+1)+0)+INDEX(Kernels!$G$5:$I$7,1,3)*INDEX(Datos!$B$3:$K$12,($A30+1)+-1,(F$29+1)+1)+INDEX(Kernels!$G$5:$I$7,2,1)*INDEX(Datos!$B$3:$K$12,($A30+1)+0,(F$29+1)+-1)+INDEX(Kernels!$G$5:$I$7,2,2)*INDEX(Datos!$B$3:$K$12,($A30+1)+0,(F$29+1)+0)+INDEX(Kernels!$G$5:$I$7,2,3)*INDEX(Datos!$B$3:$K$12,($A30+1)+0,(F$29+1)+1)+INDEX(Kernels!$G$5:$I$7,3,1)*INDEX(Datos!$B$3:$K$12,($A30+1)+1,(F$29+1)+-1)+INDEX(Kernels!$G$5:$I$7,3,2)*INDEX(Datos!$B$3:$K$12,($A30+1)+1,(F$29+1)+0)+INDEX(Kernels!$G$5:$I$7,3,3)*INDEX(Datos!$B$3:$K$12,($A30+1)+1,(F$29+1)+1))/Kernels!$K$6,"") | G30: =IF(AND($A30>=1,$A30<=8,G$29>=1,G$29<=8),(INDEX(Kernels!$G$5:$I$7,1,1)*INDEX(Datos!$B$3:$K$12,($A30+1)+-1,(G$29+1)+-1)+INDEX(Kernels!$G$5:$I$7,1,2)*INDEX(Datos!$B$3:$K$12,($A30+1)+-1,(G$29+1)+0)+INDEX(Kernels!$G$5:$I$7,1,3)*INDEX(Datos!$B$3:$K$12,($A30+1)+-1,(G$29+1)+1)+INDEX(Kernels!$G$5:$I$7,2,1)*INDEX(Datos!$B$3:$K$12,($A30+1)+0,(G$29+1)+-1)+INDEX(Kernels!$G$5:$I$7,2,2)*INDEX(Datos!$B$3:$K$12,($A30+1)+0,(G$29+1)+0)+INDEX(Kernels!$G$5:$I$7,2,3)*INDEX(Datos!$B$3:$K$12,($A30+1)+0,(G$29+1)+1)+INDEX(Kernels!$G$5:$I$7,3,1)*INDEX(Datos!$B$3:$K$12,($A30+1)+1,(G$29+1)+-1)+INDEX(Kernels!$G$5:$I$7,3,2)*INDEX(Datos!$B$3:$K$12,($A30+1)+1,(G$29+1)+0)+INDEX(Kernels!$G$5:$I$7,3,3)*INDEX(Datos!$B$3:$K$12,($A30+1)+1,(G$29+1)+1))/Kernels!$K$6,"") | H30: =IF(AND($A30>=1,$A30<=8,H$29>=1,H$29<=8),(INDEX(Kernels!$G$5:$I$7,1,1)*INDEX(Datos!$B$3:$K$12,($A30+1)+-1,(H$29+1)+-1)+INDEX(Kernels!$G$5:$I$7,1,2)*INDEX(Datos!$B$3:$K$12,($A30+1)+-1,(H$29+1)+0)+INDEX(Kernels!$G$5:$I$7,1,3)*INDEX(Datos!$B$3:$K$12,($A30+1)+-1,(H$29+1)+1)+INDEX(Kernels!$G$5:$I$7,2,1)*INDEX(Datos!$B$3:$K$12,($A30+1)+0,(H$29+1)+-1)+INDEX(Kernels!$G$5:$I$7,2,2)*INDEX(Datos!$B$3:$K$12,($A30+1)+0,(H$29+1)+0)+INDEX(Kernels!$G$5:$I$7,2,3)*INDEX(Datos!$B$3:$K$12,($A30+1)+0,(H$29+1)+1)+INDEX(Kernels!$G$5:$I$7,3,1)*INDEX(Datos!$B$3:$K$12,($A30+1)+1,(H$29+1)+-1)+INDEX(Kernels!$G$5:$I$7,3,2)*INDEX(Datos!$B$3:$K$12,($A30+1)+1,(H$29+1)+0)+INDEX(Kernels!$G$5:$I$7,3,3)*INDEX(Datos!$B$3:$K$12,($A30+1)+1,(H$29+1)+1))/Kernels!$K$6,"") | I30: =IF(AND($A30>=1,$A30<=8,I$29>=1,I$29<=8),(INDEX(Kernels!$G$5:$I$7,1,1)*INDEX(Datos!$B$3:$K$12,($A30+1)+-1,(I$29+1)+-1)+INDEX(Kernels!$G$5:$I$7,1,2)*INDEX(Datos!$B$3:$K$12,($A30+1)+-1,(I$29+1)+0)+INDEX(Kernels!$G$5:$I$7,1,3)*INDEX(Datos!$B$3:$K$12,($A30+1)+-1,(I$29+1)+1)+INDEX(Kernels!$G$5:$I$7,2,1)*INDEX(Datos!$B$3:$K$12,($A30+1)+0,(I$29+1)+-1)+INDEX(Kernels!$G$5:$I$7,2,2)*INDEX(Datos!$B$3:$K$12,($A30+1)+0,(I$29+1)+0)+INDEX(Kernels!$G$5:$I$7,2,3)*INDEX(Datos!$B$3:$K$12,($A30+1)+0,(I$29+1)+1)+INDEX(Kernels!$G$5:$I$7,3,1)*INDEX(Datos!$B$3:$K$12,($A30+1)+1,(I$29+1)+-1)+INDEX(Kernels!$G$5:$I$7,3,2)*INDEX(Datos!$B$3:$K$12,($A30+1)+1,(I$29+1)+0)+INDEX(Kernels!$G$5:$I$7,3,3)*INDEX(Datos!$B$3:$K$12,($A30+1)+1,(I$29+1)+1))/Kernels!$K$6,"") | ... K30: =IF(AND($A30>=1,$A30<=8,K$29>=1,K$29<=8),(INDEX(Kernels!$G$5:$I$7,1,1)*INDEX(Datos!$B$3:$K$12,($A30+1)+-1,(K$29+1)+-1)+INDEX(Kernels!$G$5:$I$7,1,2)*INDEX(Datos!$B$3:$K$12,($A30+1)+-1,(K$29+1)+0)+INDEX(Kernels!$G$5:$I$7,1,3)*INDEX(Datos!$B$3:$K$12,($A30+1)+-1,(K$29+1)+1)+INDEX(Kernels!$G$5:$I$7,2,1)*INDEX(Datos!$B$3:$K$12,($A30+1)+0,(K$29+1)+-1)+INDEX(Kernels!$G$5:$I$7,2,2)*INDEX(Datos!$B$3:$K$12,($A30+1)+0,(K$29+1)+0)+INDEX(Kernels!$G$5:$I$7,2,3)*INDEX(Datos!$B$3:$K$12,($A30+1)+0,(K$29+1)+1)+INDEX(Kernels!$G$5:$I$7,3,1)*INDEX(Datos!$B$3:$K$12,($A30+1)+1,(K$29+1)+-1)+INDEX(Kernels!$G$5:$I$7,3,2)*INDEX(Datos!$B$3:$K$12,($A30+1)+1,(K$29+1)+0)+INDEX(Kernels!$G$5:$I$7,3,3)*INDEX(Datos!$B$3:$K$12,($A30+1)+1,(K$29+1)+1))/Kernels!$K$6,"")
A31: 1 | B31: =IF(AND($A31>=1,$A31<=8,B$29>=1,B$29<=8),(INDEX(Kernels!$G$5:$I$7,1,1)*INDEX(Datos!$B$3:$K$12,($A31+1)+-1,(B$29+1)+-1)+INDEX(Kernels!$G$5:$I$7,1,2)*INDEX(Datos!$B$3:$K$12,($A31+1)+-1,(B$29+1)+0)+INDEX(Kernels!$G$5:$I$7,1,3)*INDEX(Datos!$B$3:$K$12,($A31+1)+-1,(B$29+1)+1)+INDEX(Kernels!$G$5:$I$7,2,1)*INDEX(Datos!$B$3:$K$12,($A31+1)+0,(B$29+1)+-1)+INDEX(Kernels!$G$5:$I$7,2,2)*INDEX(Datos!$B$3:$K$12,($A31+1)+0,(B$29+1)+0)+INDEX(Kernels!$G$5:$I$7,2,3)*INDEX(Datos!$B$3:$K$12,($A31+1)+0,(B$29+1)+1)+INDEX(Kernels!$G$5:$I$7,3,1)*INDEX(Datos!$B$3:$K$12,($A31+1)+1,(B$29+1)+-1)+INDEX(Kernels!$G$5:$I$7,3,2)*INDEX(Datos!$B$3:$K$12,($A31+1)+1,(B$29+1)+0)+INDEX(Kernels!$G$5:$I$7,3,3)*INDEX(Datos!$B$3:$K$12,($A31+1)+1,(B$29+1)+1))/Kernels!$K$6,"") | C31: =IF(AND($A31>=1,$A31<=8,C$29>=1,C$29<=8),(INDEX(Kernels!$G$5:$I$7,1,1)*INDEX(Datos!$B$3:$K$12,($A31+1)+-1,(C$29+1)+-1)+INDEX(Kernels!$G$5:$I$7,1,2)*INDEX(Datos!$B$3:$K$12,($A31+1)+-1,(C$29+1)+0)+INDEX(Kernels!$G$5:$I$7,1,3)*INDEX(Datos!$B$3:$K$12,($A31+1)+-1,(C$29+1)+1)+INDEX(Kernels!$G$5:$I$7,2,1)*INDEX(Datos!$B$3:$K$12,($A31+1)+0,(C$29+1)+-1)+INDEX(Kernels!$G$5:$I$7,2,2)*INDEX(Datos!$B$3:$K$12,($A31+1)+0,(C$29+1)+0)+INDEX(Kernels!$G$5:$I$7,2,3)*INDEX(Datos!$B$3:$K$12,($A31+1)+0,(C$29+1)+1)+INDEX(Kernels!$G$5:$I$7,3,1)*INDEX(Datos!$B$3:$K$12,($A31+1)+1,(C$29+1)+-1)+INDEX(Kernels!$G$5:$I$7,3,2)*INDEX(Datos!$B$3:$K$12,($A31+1)+1,(C$29+1)+0)+INDEX(Kernels!$G$5:$I$7,3,3)*INDEX(Datos!$B$3:$K$12,($A31+1)+1,(C$29+1)+1))/Kernels!$K$6,"") -> 109.625 | D31: =IF(AND($A31>=1,$A31<=8,D$29>=1,D$29<=8),(INDEX(Kernels!$G$5:$I$7,1,1)*INDEX(Datos!$B$3:$K$12,($A31+1)+-1,(D$29+1)+-1)+INDEX(Kernels!$G$5:$I$7,1,2)*INDEX(Datos!$B$3:$K$12,($A31+1)+-1,(D$29+1)+0)+INDEX(Kernels!$G$5:$I$7,1,3)*INDEX(Datos!$B$3:$K$12,($A31+1)+-1,(D$29+1)+1)+INDEX(Kernels!$G$5:$I$7,2,1)*INDEX(Datos!$B$3:$K$12,($A31+1)+0,(D$29+1)+-1)+INDEX(Kernels!$G$5:$I$7,2,2)*INDEX(Datos!$B$3:$K$12,($A31+1)+0,(D$29+1)+0)+INDEX(Kernels!$G$5:$I$7,2,3)*INDEX(Datos!$B$3:$K$12,($A31+1)+0,(D$29+1)+1)+INDEX(Kernels!$G$5:$I$7,3,1)*INDEX(Datos!$B$3:$K$12,($A31+1)+1,(D$29+1)+-1)+INDEX(Kernels!$G$5:$I$7,3,2)*INDEX(Datos!$B$3:$K$12,($A31+1)+1,(D$29+1)+0)+INDEX(Kernels!$G$5:$I$7,3,3)*INDEX(Datos!$B$3:$K$12,($A31+1)+1,(D$29+1)+1))/Kernels!$K$6,"") -> 107.6875 | E31: =IF(AND($A31>=1,$A31<=8,E$29>=1,E$29<=8),(INDEX(Kernels!$G$5:$I$7,1,1)*INDEX(Datos!$B$3:$K$12,($A31+1)+-1,(E$29+1)+-1)+INDEX(Kernels!$G$5:$I$7,1,2)*INDEX(Datos!$B$3:$K$12,($A31+1)+-1,(E$29+1)+0)+INDEX(Kernels!$G$5:$I$7,1,3)*INDEX(Datos!$B$3:$K$12,($A31+1)+-1,(E$29+1)+1)+INDEX(Kernels!$G$5:$I$7,2,1)*INDEX(Datos!$B$3:$K$12,($A31+1)+0,(E$29+1)+-1)+INDEX(Kernels!$G$5:$I$7,2,2)*INDEX(Datos!$B$3:$K$12,($A31+1)+0,(E$29+1)+0)+INDEX(Kernels!$G$5:$I$7,2,3)*INDEX(Datos!$B$3:$K$12,($A31+1)+0,(E$29+1)+1)+INDEX(Kernels!$G$5:$I$7,3,1)*INDEX(Datos!$B$3:$K$12,($A31+1)+1,(E$29+1)+-1)+INDEX(Kernels!$G$5:$I$7,3,2)*INDEX(Datos!$B$3:$K$12,($A31+1)+1,(E$29+1)+0)+INDEX(Kernels!$G$5:$I$7,3,3)*INDEX(Datos!$B$3:$K$12,($A31+1)+1,(E$29+1)+1))/Kernels!$K$6,"") -> 101.875 | F31: =IF(AND($A31>=1,$A31<=8,F$29>=1,F$29<=8),(INDEX(Kernels!$G$5:$I$7,1,1)*INDEX(Datos!$B$3:$K$12,($A31+1)+-1,(F$29+1)+-1)+INDEX(Kernels!$G$5:$I$7,1,2)*INDEX(Datos!$B$3:$K$12,($A31+1)+-1,(F$29+1)+0)+INDEX(Kernels!$G$5:$I$7,1,3)*INDEX(Datos!$B$3:$K$12,($A31+1)+-1,(F$29+1)+1)+INDEX(Kernels!$G$5:$I$7,2,1)*INDEX(Datos!$B$3:$K$12,($A31+1)+0,(F$29+1)+-1)+INDEX(Kernels!$G$5:$I$7,2,2)*INDEX(Datos!$B$3:$K$12,($A31+1)+0,(F$29+1)+0)+INDEX(Kernels!$G$5:$I$7,2,3)*INDEX(Datos!$B$3:$K$12,($A31+1)+0,(F$29+1)+1)+INDEX(Kernels!$G$5:$I$7,3,1)*INDEX(Datos!$B$3:$K$12,($A31+1)+1,(F$29+1)+-1)+INDEX(Kernels!$G$5:$I$7,3,2)*INDEX(Datos!$B$3:$K$12,($A31+1)+1,(F$29+1)+0)+INDEX(Kernels!$G$5:$I$7,3,3)*INDEX(Datos!$B$3:$K$12,($A31+1)+1,(F$29+1)+1))/Kernels!$K$6,"") -> 91.0625 | G31: =IF(AND($A31>=1,$A31<=8,G$29>=1,G$29<=8),(INDEX(Kernels!$G$5:$I$7,1,1)*INDEX(Datos!$B$3:$K$12,($A31+1)+-1,(G$29+1)+-1)+INDEX(Kernels!$G$5:$I$7,1,2)*INDEX(Datos!$B$3:$K$12,($A31+1)+-1,(G$29+1)+0)+INDEX(Kernels!$G$5:$I$7,1,3)*INDEX(Datos!$B$3:$K$12,($A31+1)+-1,(G$29+1)+1)+INDEX(Kernels!$G$5:$I$7,2,1)*INDEX(Datos!$B$3:$K$12,($A31+1)+0,(G$29+1)+-1)+INDEX(Kernels!$G$5:$I$7,2,2)*INDEX(Datos!$B$3:$K$12,($A31+1)+0,(G$29+1)+0)+INDEX(Kernels!$G$5:$I$7,2,3)*INDEX(Datos!$B$3:$K$12,($A31+1)+0,(G$29+1)+1)+INDEX(Kernels!$G$5:$I$7,3,1)*INDEX(Datos!$B$3:$K$12,($A31+1)+1,(G$29+1)+-1)+INDEX(Kernels!$G$5:$I$7,3,2)*INDEX(Datos!$B$3:$K$12,($A31+1)+1,(G$29+1)+0)+INDEX(Kernels!$G$5:$I$7,3,3)*INDEX(Datos!$B$3:$K$12,($A31+1)+1,(G$29+1)+1))/Kernels!$K$6,"") -> 80.9375 | H31: =IF(AND($A31>=1,$A31<=8,H$29>=1,H$29<=8),(INDEX(Kernels!$G$5:$I$7,1,1)*INDEX(Datos!$B$3:$K$12,($A31+1)+-1,(H$29+1)+-1)+INDEX(Kernels!$G$5:$I$7,1,2)*INDEX(Datos!$B$3:$K$12,($A31+1)+-1,(H$29+1)+0)+INDEX(Kernels!$G$5:$I$7,1,3)*INDEX(Datos!$B$3:$K$12,($A31+1)+-1,(H$29+1)+1)+INDEX(Kernels!$G$5:$I$7,2,1)*INDEX(Datos!$B$3:$K$12,($A31+1)+0,(H$29+1)+-1)+INDEX(Kernels!$G$5:$I$7,2,2)*INDEX(Datos!$B$3:$K$12,($A31+1)+0,(H$29+1)+0)+INDEX(Kernels!$G$5:$I$7,2,3)*INDEX(Datos!$B$3:$K$12,($A31+1)+0,(H$29+1)+1)+INDEX(Kernels!$G$5:$I$7,3,1)*INDEX(Datos!$B$3:$K$12,($A31+1)+1,(H$29+1)+-1)+INDEX(Kernels!$G$5:$I$7,3,2)*INDEX(Datos!$B$3:$K$12,($A31+1)+1,(H$29+1)+0)+INDEX(Kernels!$G$5:$I$7,3,3)*INDEX(Datos!$B$3:$K$12,($A31+1)+1,(H$29+1)+1))/Kernels!$K$6,"") -> 78.5 | I31: =IF(AND($A31>=1,$A31<=8,I$29>=1,I$29<=8),(INDEX(Kernels!$G$5:$I$7,1,1)*INDEX(Datos!$B$3:$K$12,($A31+1)+-1,(I$29+1)+-1)+INDEX(Kernels!$G$5:$I$7,1,2)*INDEX(Datos!$B$3:$K$12,($A31+1)+-1,(I$29+1)+0)+INDEX(Kernels!$G$5:$I$7,1,3)*INDEX(Datos!$B$3:$K$12,($A31+1)+-1,(I$29+1)+1)+INDEX(Kernels!$G$5:$I$7,2,1)*INDEX(Datos!$B$3:$K$12,($A31+1)+0,(I$29+1)+-1)+INDEX(Kernels!$G$5:$I$7,2,2)*INDEX(Datos!$B$3:$K$12,($A31+1)+0,(I$29+1)+0)+INDEX(Kernels!$G$5:$I$7,2,3)*INDEX(Datos!$B$3:$K$12,($A31+1)+0,(I$29+1)+1)+INDEX(Kernels!$G$5:$I$7,3,1)*INDEX(Datos!$B$3:$K$12,($A31+1)+1,(I$29+1)+-1)+INDEX(Kernels!$G$5:$I$7,3,2)*INDEX(Datos!$B$3:$K$12,($A31+1)+1,(I$29+1)+0)+INDEX(Kernels!$G$5:$I$7,3,3)*INDEX(Datos!$B$3:$K$12,($A31+1)+1,(I$29+1)+1))/Kernels!$K$6,"") -> 77.25 | ... K31: =IF(AND($A31>=1,$A31<=8,K$29>=1,K$29<=8),(INDEX(Kernels!$G$5:$I$7,1,1)*INDEX(Datos!$B$3:$K$12,($A31+1)+-1,(K$29+1)+-1)+INDEX(Kernels!$G$5:$I$7,1,2)*INDEX(Datos!$B$3:$K$12,($A31+1)+-1,(K$29+1)+0)+INDEX(Kernels!$G$5:$I$7,1,3)*INDEX(Datos!$B$3:$K$12,($A31+1)+-1,(K$29+1)+1)+INDEX(Kernels!$G$5:$I$7,2,1)*INDEX(Datos!$B$3:$K$12,($A31+1)+0,(K$29+1)+-1)+INDEX(Kernels!$G$5:$I$7,2,2)*INDEX(Datos!$B$3:$K$12,($A31+1)+0,(K$29+1)+0)+INDEX(Kernels!$G$5:$I$7,2,3)*INDEX(Datos!$B$3:$K$12,($A31+1)+0,(K$29+1)+1)+INDEX(Kernels!$G$5:$I$7,3,1)*INDEX(Datos!$B$3:$K$12,($A31+1)+1,(K$29+1)+-1)+INDEX(Kernels!$G$5:$I$7,3,2)*INDEX(Datos!$B$3:$K$12,($A31+1)+1,(K$29+1)+0)+INDEX(Kernels!$G$5:$I$7,3,3)*INDEX(Datos!$B$3:$K$12,($A31+1)+1,(K$29+1)+1))/Kernels!$K$6,"")
A32: 2 | B32: =IF(AND($A32>=1,$A32<=8,B$29>=1,B$29<=8),(INDEX(Kernels!$G$5:$I$7,1,1)*INDEX(Datos!$B$3:$K$12,($A32+1)+-1,(B$29+1)+-1)+INDEX(Kernels!$G$5:$I$7,1,2)*INDEX(Datos!$B$3:$K$12,($A32+1)+-1,(B$29+1)+0)+INDEX(Kernels!$G$5:$I$7,1,3)*INDEX(Datos!$B$3:$K$12,($A32+1)+-1,(B$29+1)+1)+INDEX(Kernels!$G$5:$I$7,2,1)*INDEX(Datos!$B$3:$K$12,($A32+1)+0,(B$29+1)+-1)+INDEX(Kernels!$G$5:$I$7,2,2)*INDEX(Datos!$B$3:$K$12,($A32+1)+0,(B$29+1)+0)+INDEX(Kernels!$G$5:$I$7,2,3)*INDEX(Datos!$B$3:$K$12,($A32+1)+0,(B$29+1)+1)+INDEX(Kernels!$G$5:$I$7,3,1)*INDEX(Datos!$B$3:$K$12,($A32+1)+1,(B$29+1)+-1)+INDEX(Kernels!$G$5:$I$7,3,2)*INDEX(Datos!$B$3:$K$12,($A32+1)+1,(B$29+1)+0)+INDEX(Kernels!$G$5:$I$7,3,3)*INDEX(Datos!$B$3:$K$12,($A32+1)+1,(B$29+1)+1))/Kernels!$K$6,"") | C32: =IF(AND($A32>=1,$A32<=8,C$29>=1,C$29<=8),(INDEX(Kernels!$G$5:$I$7,1,1)*INDEX(Datos!$B$3:$K$12,($A32+1)+-1,(C$29+1)+-1)+INDEX(Kernels!$G$5:$I$7,1,2)*INDEX(Datos!$B$3:$K$12,($A32+1)+-1,(C$29+1)+0)+INDEX(Kernels!$G$5:$I$7,1,3)*INDEX(Datos!$B$3:$K$12,($A32+1)+-1,(C$29+1)+1)+INDEX(Kernels!$G$5:$I$7,2,1)*INDEX(Datos!$B$3:$K$12,($A32+1)+0,(C$29+1)+-1)+INDEX(Kernels!$G$5:$I$7,2,2)*INDEX(Datos!$B$3:$K$12,($A32+1)+0,(C$29+1)+0)+INDEX(Kernels!$G$5:$I$7,2,3)*INDEX(Datos!$B$3:$K$12,($A32+1)+0,(C$29+1)+1)+INDEX(Kernels!$G$5:$I$7,3,1)*INDEX(Datos!$B$3:$K$12,($A32+1)+1,(C$29+1)+-1)+INDEX(Kernels!$G$5:$I$7,3,2)*INDEX(Datos!$B$3:$K$12,($A32+1)+1,(C$29+1)+0)+INDEX(Kernels!$G$5:$I$7,3,3)*INDEX(Datos!$B$3:$K$12,($A32+1)+1,(C$29+1)+1))/Kernels!$K$6,"") -> 119.5 | D32: =IF(AND($A32>=1,$A32<=8,D$29>=1,D$29<=8),(INDEX(Kernels!$G$5:$I$7,1,1)*INDEX(Datos!$B$3:$K$12,($A32+1)+-1,(D$29+1)+-1)+INDEX(Kernels!$G$5:$I$7,1,2)*INDEX(Datos!$B$3:$K$12,($A32+1)+-1,(D$29+1)+0)+INDEX(Kernels!$G$5:$I$7,1,3)*INDEX(Datos!$B$3:$K$12,($A32+1)+-1,(D$29+1)+1)+INDEX(Kernels!$G$5:$I$7,2,1)*INDEX(Datos!$B$3:$K$12,($A32+1)+0,(D$29+1)+-1)+INDEX(Kernels!$G$5:$I$7,2,2)*INDEX(Datos!$B$3:$K$12,($A32+1)+0,(D$29+1)+0)+INDEX(Kernels!$G$5:$I$7,2,3)*INDEX(Datos!$B$3:$K$12,($A32+1)+0,(D$29+1)+1)+INDEX(Kernels!$G$5:$I$7,3,1)*INDEX(Datos!$B$3:$K$12,($A32+1)+1,(D$29+1)+-1)+INDEX(Kernels!$G$5:$I$7,3,2)*INDEX(Datos!$B$3:$K$12,($A32+1)+1,(D$29+1)+0)+INDEX(Kernels!$G$5:$I$7,3,3)*INDEX(Datos!$B$3:$K$12,($A32+1)+1,(D$29+1)+1))/Kernels!$K$6,"") -> 118.125 | E32: =IF(AND($A32>=1,$A32<=8,E$29>=1,E$29<=8),(INDEX(Kernels!$G$5:$I$7,1,1)*INDEX(Datos!$B$3:$K$12,($A32+1)+-1,(E$29+1)+-1)+INDEX(Kernels!$G$5:$I$7,1,2)*INDEX(Datos!$B$3:$K$12,($A32+1)+-1,(E$29+1)+0)+INDEX(Kernels!$G$5:$I$7,1,3)*INDEX(Datos!$B$3:$K$12,($A32+1)+-1,(E$29+1)+1)+INDEX(Kernels!$G$5:$I$7,2,1)*INDEX(Datos!$B$3:$K$12,($A32+1)+0,(E$29+1)+-1)+INDEX(Kernels!$G$5:$I$7,2,2)*INDEX(Datos!$B$3:$K$12,($A32+1)+0,(E$29+1)+0)+INDEX(Kernels!$G$5:$I$7,2,3)*INDEX(Datos!$B$3:$K$12,($A32+1)+0,(E$29+1)+1)+INDEX(Kernels!$G$5:$I$7,3,1)*INDEX(Datos!$B$3:$K$12,($A32+1)+1,(E$29+1)+-1)+INDEX(Kernels!$G$5:$I$7,3,2)*INDEX(Datos!$B$3:$K$12,($A32+1)+1,(E$29+1)+0)+INDEX(Kernels!$G$5:$I$7,3,3)*INDEX(Datos!$B$3:$K$12,($A32+1)+1,(E$29+1)+1))/Kernels!$K$6,"") -> 107 | F32: =IF(AND($A32>=1,$A32<=8,F$29>=1,F$29<=8),(INDEX(Kernels!$G$5:$I$7,1,1)*INDEX(Datos!$B$3:$K$12,($A32+1)+-1,(F$29+1)+-1)+INDEX(Kernels!$G$5:$I$7,1,2)*INDEX(Datos!$B$3:$K$12,($A32+1)+-1,(F$29+1)+0)+INDEX(Kernels!$G$5:$I$7,1,3)*INDEX(Datos!$B$3:$K$12,($A32+1)+-1,(F$29+1)+1)+INDEX(Kernels!$G$5:$I$7,2,1)*INDEX(Datos!$B$3:$K$12,($A32+1)+0,(F$29+1)+-1)+INDEX(Kernels!$G$5:$I$7,2,2)*INDEX(Datos!$B$3:$K$12,($A32+1)+0,(F$29+1)+0)+INDEX(Kernels!$G$5:$I$7,2,3)*INDEX(Datos!$B$3:$K$12,($A32+1)+0,(F$29+1)+1)+INDEX(Kernels!$G$5:$I$7,3,1)*INDEX(Datos!$B$3:$K$12,($A32+1)+1,(F$29+1)+-1)+INDEX(Kernels!$G$5:$I$7,3,2)*INDEX(Datos!$B$3:$K$12,($A32+1)+1,(F$29+1)+0)+INDEX(Kernels!$G$5:$I$7,3,3)*INDEX(Datos!$B$3:$K$12,($A32+1)+1,(F$29+1)+1))/Kernels!$K$6,"") -> 92 | G32: =IF(AND($A32>=1,$A32<=8,G$29>=1,G$29<=8),(INDEX(Kernels!$G$5:$I$7,1,1)*INDEX(Datos!$B$3:$K$12,($A32+1)+-1,(G$29+1)+-1)+INDEX(Kernels!$G$5:$I$7,1,2)*INDEX(Datos!$B$3:$K$12,($A32+1)+-1,(G$29+1)+0)+INDEX(Kernels!$G$5:$I$7,1,3)*INDEX(Datos!$B$3:$K$12,($A32+1)+-1,(G$29+1)+1)+INDEX(Kernels!$G$5:$I$7,2,1)*INDEX(Datos!$B$3:$K$12,($A32+1)+0,(G$29+1)+-1)+INDEX(Kernels!$G$5:$I$7,2,2)*INDEX(Datos!$B$3:$K$12,($A32+1)+0,(G$29+1)+0)+INDEX(Kernels!$G$5:$I$7,2,3)*INDEX(Datos!$B$3:$K$12,($A32+1)+0,(G$29+1)+1)+INDEX(Kernels!$G$5:$I$7,3,1)*INDEX(Datos!$B$3:$K$12,($A32+1)+1,(G$29+1)+-1)+INDEX(Kernels!$G$5:$I$7,3,2)*INDEX(Datos!$B$3:$K$12,($A32+1)+1,(G$29+1)+0)+INDEX(Kernels!$G$5:$I$7,3,3)*INDEX(Datos!$B$3:$K$12,($A32+1)+1,(G$29+1)+1))/Kernels!$K$6,"") -> 88.625 | H32: =IF(AND($A32>=1,$A32<=8,H$29>=1,H$29<=8),(INDEX(Kernels!$G$5:$I$7,1,1)*INDEX(Datos!$B$3:$K$12,($A32+1)+-1,(H$29+1)+-1)+INDEX(Kernels!$G$5:$I$7,1,2)*INDEX(Datos!$B$3:$K$12,($A32+1)+-1,(H$29+1)+0)+INDEX(Kernels!$G$5:$I$7,1,3)*INDEX(Datos!$B$3:$K$12,($A32+1)+-1,(H$29+1)+1)+INDEX(Kernels!$G$5:$I$7,2,1)*INDEX(Datos!$B$3:$K$12,($A32+1)+0,(H$29+1)+-1)+INDEX(Kernels!$G$5:$I$7,2,2)*INDEX(Datos!$B$3:$K$12,($A32+1)+0,(H$29+1)+0)+INDEX(Kernels!$G$5:$I$7,2,3)*INDEX(Datos!$B$3:$K$12,($A32+1)+0,(H$29+1)+1)+INDEX(Kernels!$G$5:$I$7,3,1)*INDEX(Datos!$B$3:$K$12,($A32+1)+1,(H$29+1)+-1)+INDEX(Kernels!$G$5:$I$7,3,2)*INDEX(Datos!$B$3:$K$12,($A32+1)+1,(H$29+1)+0)+INDEX(Kernels!$G$5:$I$7,3,3)*INDEX(Datos!$B$3:$K$12,($A32+1)+1,(H$29+1)+1))/Kernels!$K$6,"") -> 103.3125 | I32: =IF(AND($A32>=1,$A32<=8,I$29>=1,I$29<=8),(INDEX(Kernels!$G$5:$I$7,1,1)*INDEX(Datos!$B$3:$K$12,($A32+1)+-1,(I$29+1)+-1)+INDEX(Kernels!$G$5:$I$7,1,2)*INDEX(Datos!$B$3:$K$12,($A32+1)+-1,(I$29+1)+0)+INDEX(Kernels!$G$5:$I$7,1,3)*INDEX(Datos!$B$3:$K$12,($A32+1)+-1,(I$29+1)+1)+INDEX(Kernels!$G$5:$I$7,2,1)*INDEX(Datos!$B$3:$K$12,($A32+1)+0,(I$29+1)+-1)+INDEX(Kernels!$G$5:$I$7,2,2)*INDEX(Datos!$B$3:$K$12,($A32+1)+0,(I$29+1)+0)+INDEX(Kernels!$G$5:$I$7,2,3)*INDEX(Datos!$B$3:$K$12,($A32+1)+0,(I$29+1)+1)+INDEX(Kernels!$G$5:$I$7,3,1)*INDEX(Datos!$B$3:$K$12,($A32+1)+1,(I$29+1)+-1)+INDEX(Kernels!$G$5:$I$7,3,2)*INDEX(Datos!$B$3:$K$12,($A32+1)+1,(I$29+1)+0)+INDEX(Kernels!$G$5:$I$7,3,3)*INDEX(Datos!$B$3:$K$12,($A32+1)+1,(I$29+1)+1))/Kernels!$K$6,"") -> 115.125 | ... K32: =IF(AND($A32>=1,$A32<=8,K$29>=1,K$29<=8),(INDEX(Kernels!$G$5:$I$7,1,1)*INDEX(Datos!$B$3:$K$12,($A32+1)+-1,(K$29+1)+-1)+INDEX(Kernels!$G$5:$I$7,1,2)*INDEX(Datos!$B$3:$K$12,($A32+1)+-1,(K$29+1)+0)+INDEX(Kernels!$G$5:$I$7,1,3)*INDEX(Datos!$B$3:$K$12,($A32+1)+-1,(K$29+1)+1)+INDEX(Kernels!$G$5:$I$7,2,1)*INDEX(Datos!$B$3:$K$12,($A32+1)+0,(K$29+1)+-1)+INDEX(Kernels!$G$5:$I$7,2,2)*INDEX(Datos!$B$3:$K$12,($A32+1)+0,(K$29+1)+0)+INDEX(Kernels!$G$5:$I$7,2,3)*INDEX(Datos!$B$3:$K$12,($A32+1)+0,(K$29+1)+1)+INDEX(Kernels!$G$5:$I$7,3,1)*INDEX(Datos!$B$3:$K$12,($A32+1)+1,(K$29+1)+-1)+INDEX(Kernels!$G$5:$I$7,3,2)*INDEX(Datos!$B$3:$K$12,($A32+1)+1,(K$29+1)+0)+INDEX(Kernels!$G$5:$I$7,3,3)*INDEX(Datos!$B$3:$K$12,($A32+1)+1,(K$29+1)+1))/Kernels!$K$6,"")
A33: 3 | B33: =IF(AND($A33>=1,$A33<=8,B$29>=1,B$29<=8),(INDEX(Kernels!$G$5:$I$7,1,1)*INDEX(Datos!$B$3:$K$12,($A33+1)+-1,(B$29+1)+-1)+INDEX(Kernels!$G$5:$I$7,1,2)*INDEX(Datos!$B$3:$K$12,($A33+1)+-1,(B$29+1)+0)+INDEX(Kernels!$G$5:$I$7,1,3)*INDEX(Datos!$B$3:$K$12,($A33+1)+-1,(B$29+1)+1)+INDEX(Kernels!$G$5:$I$7,2,1)*INDEX(Datos!$B$3:$K$12,($A33+1)+0,(B$29+1)+-1)+INDEX(Kernels!$G$5:$I$7,2,2)*INDEX(Datos!$B$3:$K$12,($A33+1)+0,(B$29+1)+0)+INDEX(Kernels!$G$5:$I$7,2,3)*INDEX(Datos!$B$3:$K$12,($A33+1)+0,(B$29+1)+1)+INDEX(Kernels!$G$5:$I$7,3,1)*INDEX(Datos!$B$3:$K$12,($A33+1)+1,(B$29+1)+-1)+INDEX(Kernels!$G$5:$I$7,3,2)*INDEX(Datos!$B$3:$K$12,($A33+1)+1,(B$29+1)+0)+INDEX(Kernels!$G$5:$I$7,3,3)*INDEX(Datos!$B$3:$K$12,($A33+1)+1,(B$29+1)+1))/Kernels!$K$6,"") | C33: =IF(AND($A33>=1,$A33<=8,C$29>=1,C$29<=8),(INDEX(Kernels!$G$5:$I$7,1,1)*INDEX(Datos!$B$3:$K$12,($A33+1)+-1,(C$29+1)+-1)+INDEX(Kernels!$G$5:$I$7,1,2)*INDEX(Datos!$B$3:$K$12,($A33+1)+-1,(C$29+1)+0)+INDEX(Kernels!$G$5:$I$7,1,3)*INDEX(Datos!$B$3:$K$12,($A33+1)+-1,(C$29+1)+1)+INDEX(Kernels!$G$5:$I$7,2,1)*INDEX(Datos!$B$3:$K$12,($A33+1)+0,(C$29+1)+-1)+INDEX(Kernels!$G$5:$I$7,2,2)*INDEX(Datos!$B$3:$K$12,($A33+1)+0,(C$29+1)+0)+INDEX(Kernels!$G$5:$I$7,2,3)*INDEX(Datos!$B$3:$K$12,($A33+1)+0,(C$29+1)+1)+INDEX(Kernels!$G$5:$I$7,3,1)*INDEX(Datos!$B$3:$K$12,($A33+1)+1,(C$29+1)+-1)+INDEX(Kernels!$G$5:$I$7,3,2)*INDEX(Datos!$B$3:$K$12,($A33+1)+1,(C$29+1)+0)+INDEX(Kernels!$G$5:$I$7,3,3)*INDEX(Datos!$B$3:$K$12,($A33+1)+1,(C$29+1)+1))/Kernels!$K$6,"") -> 129.8125 | D33: =IF(AND($A33>=1,$A33<=8,D$29>=1,D$29<=8),(INDEX(Kernels!$G$5:$I$7,1,1)*INDEX(Datos!$B$3:$K$12,($A33+1)+-1,(D$29+1)+-1)+INDEX(Kernels!$G$5:$I$7,1,2)*INDEX(Datos!$B$3:$K$12,($A33+1)+-1,(D$29+1)+0)+INDEX(Kernels!$G$5:$I$7,1,3)*INDEX(Datos!$B$3:$K$12,($A33+1)+-1,(D$29+1)+1)+INDEX(Kernels!$G$5:$I$7,2,1)*INDEX(Datos!$B$3:$K$12,($A33+1)+0,(D$29+1)+-1)+INDEX(Kernels!$G$5:$I$7,2,2)*INDEX(Datos!$B$3:$K$12,($A33+1)+0,(D$29+1)+0)+INDEX(Kernels!$G$5:$I$7,2,3)*INDEX(Datos!$B$3:$K$12,($A33+1)+0,(D$29+1)+1)+INDEX(Kernels!$G$5:$I$7,3,1)*INDEX(Datos!$B$3:$K$12,($A33+1)+1,(D$29+1)+-1)+INDEX(Kernels!$G$5:$I$7,3,2)*INDEX(Datos!$B$3:$K$12,($A33+1)+1,(D$29+1)+0)+INDEX(Kernels!$G$5:$I$7,3,3)*INDEX(Datos!$B$3:$K$12,($A33+1)+1,(D$29+1)+1))/Kernels!$K$6,"") -> 120.6875 | E33: =IF(AND($A33>=1,$A33<=8,E$29>=1,E$29<=8),(INDEX(Kernels!$G$5:$I$7,1,1)*INDEX(Datos!$B$3:$K$12,($A33+1)+-1,(E$29+1)+-1)+INDEX(Kernels!$G$5:$I$7,1,2)*INDEX(Datos!$B$3:$K$12,($A33+1)+-1,(E$29+1)+0)+INDEX(Kernels!$G$5:$I$7,1,3)*INDEX(Datos!$B$3:$K$12,($A33+1)+-1,(E$29+1)+1)+INDEX(Kernels!$G$5:$I$7,2,1)*INDEX(Datos!$B$3:$K$12,($A33+1)+0,(E$29+1)+-1)+INDEX(Kernels!$G$5:$I$7,2,2)*INDEX(Datos!$B$3:$K$12,($A33+1)+0,(E$29+1)+0)+INDEX(Kernels!$G$5:$I$7,2,3)*INDEX(Datos!$B$3:$K$12,($A33+1)+0,(E$29+1)+1)+INDEX(Kernels!$G$5:$I$7,3,1)*INDEX(Datos!$B$3:$K$12,($A33+1)+1,(E$29+1)+-1)+INDEX(Kernels!$G$5:$I$7,3,2)*INDEX(Datos!$B$3:$K$12,($A33+1)+1,(E$29+1)+0)+INDEX(Kernels!$G$5:$I$7,3,3)*INDEX(Datos!$B$3:$K$12,($A33+1)+1,(E$29+1)+1))/Kernels!$K$6,"") -> 105.25 | F33: =IF(AND($A33>=1,$A33<=8,F$29>=1,F$29<=8),(INDEX(Kernels!$G$5:$I$7,1,1)*INDEX(Datos!$B$3:$K$12,($A33+1)+-1,(F$29+1)+-1)+INDEX(Kernels!$G$5:$I$7,1,2)*INDEX(Datos!$B$3:$K$12,($A33+1)+-1,(F$29+1)+0)+INDEX(Kernels!$G$5:$I$7,1,3)*INDEX(Datos!$B$3:$K$12,($A33+1)+-1,(F$29+1)+1)+INDEX(Kernels!$G$5:$I$7,2,1)*INDEX(Datos!$B$3:$K$12,($A33+1)+0,(F$29+1)+-1)+INDEX(Kernels!$G$5:$I$7,2,2)*INDEX(Datos!$B$3:$K$12,($A33+1)+0,(F$29+1)+0)+INDEX(Kernels!$G$5:$I$7,2,3)*INDEX(Datos!$B$3:$K$12,($A33+1)+0,(F$29+1)+1)+INDEX(Kernels!$G$5:$I$7,3,1)*INDEX(Datos!$B$3:$K$12,($A33+1)+1,(F$29+1)+-1)+INDEX(Kernels!$G$5:$I$7,3,2)*INDEX(Datos!$B$3:$K$12,($A33+1)+1,(F$29+1)+0)+INDEX(Kernels!$G$5:$I$7,3,3)*INDEX(Datos!$B$3:$K$12,($A33+1)+1,(F$29+1)+1))/Kernels!$K$6,"") -> 92.3125 | G33: =IF(AND($A33>=1,$A33<=8,G$29>=1,G$29<=8),(INDEX(Kernels!$G$5:$I$7,1,1)*INDEX(Datos!$B$3:$K$12,($A33+1)+-1,(G$29+1)+-1)+INDEX(Kernels!$G$5:$I$7,1,2)*INDEX(Datos!$B$3:$K$12,($A33+1)+-1,(G$29+1)+0)+INDEX(Kernels!$G$5:$I$7,1,3)*INDEX(Datos!$B$3:$K$12,($A33+1)+-1,(G$29+1)+1)+INDEX(Kernels!$G$5:$I$7,2,1)*INDEX(Datos!$B$3:$K$12,($A33+1)+0,(G$29+1)+-1)+INDEX(Kernels!$G$5:$I$7,2,2)*INDEX(Datos!$B$3:$K$12,($A33+1)+0,(G$29+1)+0)+INDEX(Kernels!$G$5:$I$7,2,3)*INDEX(Datos!$B$3:$K$12,($A33+1)+0,(G$29+1)+1)+INDEX(Kernels!$G$5:$I$7,3,1)*INDEX(Datos!$B$3:$K$12,($A33+1)+1,(G$29+1)+-1)+INDEX(Kernels!$G$5:$I$7,3,2)*INDEX(Datos!$B$3:$K$12,($A33+1)+1,(G$29+1)+0)+INDEX(Kernels!$G$5:$I$7,3,3)*INDEX(Datos!$B$3:$K$12,($A33+1)+1,(G$29+1)+1))/Kernels!$K$6,"") -> 95.875 | H33: =IF(AND($A33>=1,$A33<=8,H$29>=1,H$29<=8),(INDEX(Kernels!$G$5:$I$7,1,1)*INDEX(Datos!$B$3:$K$12,($A33+1)+-1,(H$29+1)+-1)+INDEX(Kernels!$G$5:$I$7,1,2)*INDEX(Datos!$B$3:$K$12,($A33+1)+-1,(H$29+1)+0)+INDEX(Kernels!$G$5:$I$7,1,3)*INDEX(Datos!$B$3:$K$12,($A33+1)+-1,(H$29+1)+1)+INDEX(Kernels!$G$5:$I$7,2,1)*INDEX(Datos!$B$3:$K$12,($A33+1)+0,(H$29+1)+-1)+INDEX(Kernels!$G$5:$I$7,2,2)*INDEX(Datos!$B$3:$K$12,($A33+1)+0,(H$29+1)+0)+INDEX(Kernels!$G$5:$I$7,2,3)*INDEX(Datos!$B$3:$K$12,($A33+1)+0,(H$29+1)+1)+INDEX(Kernels!$G$5:$I$7,3,1)*INDEX(Datos!$B$3:$K$12,($A33+1)+1,(H$29+1)+-1)+INDEX(Kernels!$G$5:$I$7,3,2)*INDEX(Datos!$B$3:$K$12,($A33+1)+1,(H$29+1)+0)+INDEX(Kernels!$G$5:$I$7,3,3)*INDEX(Datos!$B$3:$K$12,($A33+1)+1,(H$29+1)+1))/Kernels!$K$6,"") -> 118.125 | I33: =IF(AND($A33>=1,$A33<=8,I$29>=1,I$29<=8),(INDEX(Kernels!$G$5:$I$7,1,1)*INDEX(Datos!$B$3:$K$12,($A33+1)+-1,(I$29+1)+-1)+INDEX(Kernels!$G$5:$I$7,1,2)*INDEX(Datos!$B$3:$K$12,($A33+1)+-1,(I$29+1)+0)+INDEX(Kernels!$G$5:$I$7,1,3)*INDEX(Datos!$B$3:$K$12,($A33+1)+-1,(I$29+1)+1)+INDEX(Kernels!$G$5:$I$7,2,1)*INDEX(Datos!$B$3:$K$12,($A33+1)+0,(I$29+1)+-1)+INDEX(Kernels!$G$5:$I$7,2,2)*INDEX(Datos!$B$3:$K$12,($A33+1)+0,(I$29+1)+0)+INDEX(Kernels!$G$5:$I$7,2,3)*INDEX(Datos!$B$3:$K$12,($A33+1)+0,(I$29+1)+1)+INDEX(Kernels!$G$5:$I$7,3,1)*INDEX(Datos!$B$3:$K$12,($A33+1)+1,(I$29+1)+-1)+INDEX(Kernels!$G$5:$I$7,3,2)*INDEX(Datos!$B$3:$K$12,($A33+1)+1,(I$29+1)+0)+INDEX(Kernels!$G$5:$I$7,3,3)*INDEX(Datos!$B$3:$K$12,($A33+1)+1,(I$29+1)+1))/Kernels!$K$6,"") -> 135.875 | ... K33: =IF(AND($A33>=1,$A33<=8,K$29>=1,K$29<=8),(INDEX(Kernels!$G$5:$I$7,1,1)*INDEX(Datos!$B$3:$K$12,($A33+1)+-1,(K$29+1)+-1)+INDEX(Kernels!$G$5:$I$7,1,2)*INDEX(Datos!$B$3:$K$12,($A33+1)+-1,(K$29+1)+0)+INDEX(Kernels!$G$5:$I$7,1,3)*INDEX(Datos!$B$3:$K$12,($A33+1)+-1,(K$29+1)+1)+INDEX(Kernels!$G$5:$I$7,2,1)*INDEX(Datos!$B$3:$K$12,($A33+1)+0,(K$29+1)+-1)+INDEX(Kernels!$G$5:$I$7,2,2)*INDEX(Datos!$B$3:$K$12,($A33+1)+0,(K$29+1)+0)+INDEX(Kernels!$G$5:$I$7,2,3)*INDEX(Datos!$B$3:$K$12,($A33+1)+0,(K$29+1)+1)+INDEX(Kernels!$G$5:$I$7,3,1)*INDEX(Datos!$B$3:$K$12,($A33+1)+1,(K$29+1)+-1)+INDEX(Kernels!$G$5:$I$7,3,2)*INDEX(Datos!$B$3:$K$12,($A33+1)+1,(K$29+1)+0)+INDEX(Kernels!$G$5:$I$7,3,3)*INDEX(Datos!$B$3:$K$12,($A33+1)+1,(K$29+1)+1))/Kernels!$K$6,"")
A34: 4 | B34: =IF(AND($A34>=1,$A34<=8,B$29>=1,B$29<=8),(INDEX(Kernels!$G$5:$I$7,1,1)*INDEX(Datos!$B$3:$K$12,($A34+1)+-1,(B$29+1)+-1)+INDEX(Kernels!$G$5:$I$7,1,2)*INDEX(Datos!$B$3:$K$12,($A34+1)+-1,(B$29+1)+0)+INDEX(Kernels!$G$5:$I$7,1,3)*INDEX(Datos!$B$3:$K$12,($A34+1)+-1,(B$29+1)+1)+INDEX(Kernels!$G$5:$I$7,2,1)*INDEX(Datos!$B$3:$K$12,($A34+1)+0,(B$29+1)+-1)+INDEX(Kernels!$G$5:$I$7,2,2)*INDEX(Datos!$B$3:$K$12,($A34+1)+0,(B$29+1)+0)+INDEX(Kernels!$G$5:$I$7,2,3)*INDEX(Datos!$B$3:$K$12,($A34+1)+0,(B$29+1)+1)+INDEX(Kernels!$G$5:$I$7,3,1)*INDEX(Datos!$B$3:$K$12,($A34+1)+1,(B$29+1)+-1)+INDEX(Kernels!$G$5:$I$7,3,2)*INDEX(Datos!$B$3:$K$12,($A34+1)+1,(B$29+1)+0)+INDEX(Kernels!$G$5:$I$7,3,3)*INDEX(Datos!$B$3:$K$12,($A34+1)+1,(B$29+1)+1))/Kernels!$K$6,"") | C34: =IF(AND($A34>=1,$A34<=8,C$29>=1,C$29<=8),(INDEX(Kernels!$G$5:$I$7,1,1)*INDEX(Datos!$B$3:$K$12,($A34+1)+-1,(C$29+1)+-1)+INDEX(Kernels!$G$5:$I$7,1,2)*INDEX(Datos!$B$3:$K$12,($A34+1)+-1,(C$29+1)+0)+INDEX(Kernels!$G$5:$I$7,1,3)*INDEX(Datos!$B$3:$K$12,($A34+1)+-1,(C$29+1)+1)+INDEX(Kernels!$G$5:$I$7,2,1)*INDEX(Datos!$B$3:$K$12,($A34+1)+0,(C$29+1)+-1)+INDEX(Kernels!$G$5:$I$7,2,2)*INDEX(Datos!$B$3:$K$12,($A34+1)+0,(C$29+1)+0)+INDEX(Kernels!$G$5:$I$7,2,3)*INDEX(Datos!$B$3:$K$12,($A34+1)+0,(C$29+1)+1)+INDEX(Kernels!$G$5:$I$7,3,1)*INDEX(Datos!$B$3:$K$12,($A34+1)+1,(C$29+1)+-1)+INDEX(Kernels!$G$5:$I$7,3,2)*INDEX(Datos!$B$3:$K$12,($A34+1)+1,(C$29+1)+0)+INDEX(Kernels!$G$5:$I$7,3,3)*INDEX(Datos!$B$3:$K$12,($A34+1)+1,(C$29+1)+1))/Kernels!$K$6,"") -> 122.0625 | D34: =IF(AND($A34>=1,$A34<=8,D$29>=1,D$29<=8),(INDEX(Kernels!$G$5:$I$7,1,1)*INDEX(Datos!$B$3:$K$12,($A34+1)+-1,(D$29+1)+-1)+INDEX(Kernels!$G$5:$I$7,1,2)*INDEX(Datos!$B$3:$K$12,($A34+1)+-1,(D$29+1)+0)+INDEX(Kernels!$G$5:$I$7,1,3)*INDEX(Datos!$B$3:$K$12,($A34+1)+-1,(D$29+1)+1)+INDEX(Kernels!$G$5:$I$7,2,1)*INDEX(Datos!$B$3:$K$12,($A34+1)+0,(D$29+1)+-1)+INDEX(Kernels!$G$5:$I$7,2,2)*INDEX(Datos!$B$3:$K$12,($A34+1)+0,(D$29+1)+0)+INDEX(Kernels!$G$5:$I$7,2,3)*INDEX(Datos!$B$3:$K$12,($A34+1)+0,(D$29+1)+1)+INDEX(Kernels!$G$5:$I$7,3,1)*INDEX(Datos!$B$3:$K$12,($A34+1)+1,(D$29+1)+-1)+INDEX(Kernels!$G$5:$I$7,3,2)*INDEX(Datos!$B$3:$K$12,($A34+1)+1,(D$29+1)+0)+INDEX(Kernels!$G$5:$I$7,3,3)*INDEX(Datos!$B$3:$K$12,($A34+1)+1,(D$29+1)+1))/Kernels!$K$6,"") -> 104.75 | E34: =IF(AND($A34>=1,$A34<=8,E$29>=1,E$29<=8),(INDEX(Kernels!$G$5:$I$7,1,1)*INDEX(Datos!$B$3:$K$12,($A34+1)+-1,(E$29+1)+-1)+INDEX(Kernels!$G$5:$I$7,1,2)*INDEX(Datos!$B$3:$K$12,($A34+1)+-1,(E$29+1)+0)+INDEX(Kernels!$G$5:$I$7,1,3)*INDEX(Datos!$B$3:$K$12,($A34+1)+-1,(E$29+1)+1)+INDEX(Kernels!$G$5:$I$7,2,1)*INDEX(Datos!$B$3:$K$12,($A34+1)+0,(E$29+1)+-1)+INDEX(Kernels!$G$5:$I$7,2,2)*INDEX(Datos!$B$3:$K$12,($A34+1)+0,(E$29+1)+0)+INDEX(Kernels!$G$5:$I$7,2,3)*INDEX(Datos!$B$3:$K$12,($A34+1)+0,(E$29+1)+1)+INDEX(Kernels!$G$5:$I$7,3,1)*INDEX(Datos!$B$3:$K$12,($A34+1)+1,(E$29+1)+-1)+INDEX(Kernels!$G$5:$I$7,3,2)*INDEX(Datos!$B$3:$K$12,($A34+1)+1,(E$29+1)+0)+INDEX(Kernels!$G$5:$I$7,3,3)*INDEX(Datos!$B$3:$K$12,($A34+1)+1,(E$29+1)+1))/Kernels!$K$6,"") -> 92.125 | F34: =IF(AND($A34>=1,$A34<=8,F$29>=1,F$29<=8),(INDEX(Kernels!$G$5:$I$7,1,1)*INDEX(Datos!$B$3:$K$12,($A34+1)+-1,(F$29+1)+-1)+INDEX(Kernels!$G$5:$I$7,1,2)*INDEX(Datos!$B$3:$K$12,($A34+1)+-1,(F$29+1)+0)+INDEX(Kernels!$G$5:$I$7,1,3)*INDEX(Datos!$B$3:$K$12,($A34+1)+-1,(F$29+1)+1)+INDEX(Kernels!$G$5:$I$7,2,1)*INDEX(Datos!$B$3:$K$12,($A34+1)+0,(F$29+1)+-1)+INDEX(Kernels!$G$5:$I$7,2,2)*INDEX(Datos!$B$3:$K$12,($A34+1)+0,(F$29+1)+0)+INDEX(Kernels!$G$5:$I$7,2,3)*INDEX(Datos!$B$3:$K$12,($A34+1)+0,(F$29+1)+1)+INDEX(Kernels!$G$5:$I$7,3,1)*INDEX(Datos!$B$3:$K$12,($A34+1)+1,(F$29+1)+-1)+INDEX(Kernels!$G$5:$I$7,3,2)*INDEX(Datos!$B$3:$K$12,($A34+1)+1,(F$29+1)+0)+INDEX(Kernels!$G$5:$I$7,3,3)*INDEX(Datos!$B$3:$K$12,($A34+1)+1,(F$29+1)+1))/Kernels!$K$6,"") -> 90.5 | G34: =IF(AND($A34>=1,$A34<=8,G$29>=1,G$29<=8),(INDEX(Kernels!$G$5:$I$7,1,1)*INDEX(Datos!$B$3:$K$12,($A34+1)+-1,(G$29+1)+-1)+INDEX(Kernels!$G$5:$I$7,1,2)*INDEX(Datos!$B$3:$K$12,($A34+1)+-1,(G$29+1)+0)+INDEX(Kernels!$G$5:$I$7,1,3)*INDEX(Datos!$B$3:$K$12,($A34+1)+-1,(G$29+1)+1)+INDEX(Kernels!$G$5:$I$7,2,1)*INDEX(Datos!$B$3:$K$12,($A34+1)+0,(G$29+1)+-1)+INDEX(Kernels!$G$5:$I$7,2,2)*INDEX(Datos!$B$3:$K$12,($A34+1)+0,(G$29+1)+0)+INDEX(Kernels!$G$5:$I$7,2,3)*INDEX(Datos!$B$3:$K$12,($A34+1)+0,(G$29+1)+1)+INDEX(Kernels!$G$5:$I$7,3,1)*INDEX(Datos!$B$3:$K$12,($A34+1)+1,(G$29+1)+-1)+INDEX(Kernels!$G$5:$I$7,3,2)*INDEX(Datos!$B$3:$K$12,($A34+1)+1,(G$29+1)+0)+INDEX(Kernels!$G$5:$I$7,3,3)*INDEX(Datos!$B$3:$K$12,($A34+1)+1,(G$29+1)+1))/Kernels!$K$6,"") -> 103.125 | H34: =IF(AND($A34>=1,$A34<=8,H$29>=1,H$29<=8),(INDEX(Kernels!$G$5:$I$7,1,1)*INDEX(Datos!$B$3:$K$12,($A34+1)+-1,(H$29+1)+-1)+INDEX(Kernels!$G$5:$I$7,1,2)*INDEX(Datos!$B$3:$K$12,($A34+1)+-1,(H$29+1)+0)+INDEX(Kernels!$G$5:$I$7,1,3)*INDEX(Datos!$B$3:$K$12,($A34+1)+-1,(H$29+1)+1)+INDEX(Kernels!$G$5:$I$7,2,1)*INDEX(Datos!$B$3:$K$12,($A34+1)+0,(H$29+1)+-1)+INDEX(Kernels!$G$5:$I$7,2,2)*INDEX(Datos!$B$3:$K$12,($A34+1)+0,(H$29+1)+0)+INDEX(Kernels!$G$5:$I$7,2,3)*INDEX(Datos!$B$3:$K$12,($A34+1)+0,(H$29+1)+1)+INDEX(Kernels!$G$5:$I$7,3,1)*INDEX(Datos!$B$3:$K$12,($A34+1)+1,(H$29+1)+-1)+INDEX(Kernels!$G$5:$I$7,3,2)*INDEX(Datos!$B$3:$K$12,($A34+1)+1,(H$29+1)+0)+INDEX(Kernels!$G$5:$I$7,3,3)*INDEX(Datos!$B$3:$K$12,($A34+1)+1,(H$29+1)+1))/Kernels!$K$6,"") -> 126 | I34: =IF(AND($A34>=1,$A34<=8,I$29>=1,I$29<=8),(INDEX(Kernels!$G$5:$I$7,1,1)*INDEX(Datos!$B$3:$K$12,($A34+1)+-1,(I$29+1)+-1)+INDEX(Kernels!$G$5:$I$7,1,2)*INDEX(Datos!$B$3:$K$12,($A34+1)+-1,(I$29+1)+0)+INDEX(Kernels!$G$5:$I$7,1,3)*INDEX(Datos!$B$3:$K$12,($A34+1)+-1,(I$29+1)+1)+INDEX(Kernels!$G$5:$I$7,2,1)*INDEX(Datos!$B$3:$K$12,($A34+1)+0,(I$29+1)+-1)+INDEX(Kernels!$G$5:$I$7,2,2)*INDEX(Datos!$B$3:$K$12,($A34+1)+0,(I$29+1)+0)+INDEX(Kernels!$G$5:$I$7,2,3)*INDEX(Datos!$B$3:$K$12,($A34+1)+0,(I$29+1)+1)+INDEX(Kernels!$G$5:$I$7,3,1)*INDEX(Datos!$B$3:$K$12,($A34+1)+1,(I$29+1)+-1)+INDEX(Kernels!$G$5:$I$7,3,2)*INDEX(Datos!$B$3:$K$12,($A34+1)+1,(I$29+1)+0)+INDEX(Kernels!$G$5:$I$7,3,3)*INDEX(Datos!$B$3:$K$12,($A34+1)+1,(I$29+1)+1))/Kernels!$K$6,"") -> 138.1875 | ... K34: =IF(AND($A34>=1,$A34<=8,K$29>=1,K$29<=8),(INDEX(Kernels!$G$5:$I$7,1,1)*INDEX(Datos!$B$3:$K$12,($A34+1)+-1,(K$29+1)+-1)+INDEX(Kernels!$G$5:$I$7,1,2)*INDEX(Datos!$B$3:$K$12,($A34+1)+-1,(K$29+1)+0)+INDEX(Kernels!$G$5:$I$7,1,3)*INDEX(Datos!$B$3:$K$12,($A34+1)+-1,(K$29+1)+1)+INDEX(Kernels!$G$5:$I$7,2,1)*INDEX(Datos!$B$3:$K$12,($A34+1)+0,(K$29+1)+-1)+INDEX(Kernels!$G$5:$I$7,2,2)*INDEX(Datos!$B$3:$K$12,($A34+1)+0,(K$29+1)+0)+INDEX(Kernels!$G$5:$I$7,2,3)*INDEX(Datos!$B$3:$K$12,($A34+1)+0,(K$29+1)+1)+INDEX(Kernels!$G$5:$I$7,3,1)*INDEX(Datos!$B$3:$K$12,($A34+1)+1,(K$29+1)+-1)+INDEX(Kernels!$G$5:$I$7,3,2)*INDEX(Datos!$B$3:$K$12,($A34+1)+1,(K$29+1)+0)+INDEX(Kernels!$G$5:$I$7,3,3)*INDEX(Datos!$B$3:$K$12,($A34+1)+1,(K$29+1)+1))/Kernels!$K$6,"")
A35: 5 | B35: =IF(AND($A35>=1,$A35<=8,B$29>=1,B$29<=8),(INDEX(Kernels!$G$5:$I$7,1,1)*INDEX(Datos!$B$3:$K$12,($A35+1)+-1,(B$29+1)+-1)+INDEX(Kernels!$G$5:$I$7,1,2)*INDEX(Datos!$B$3:$K$12,($A35+1)+-1,(B$29+1)+0)+INDEX(Kernels!$G$5:$I$7,1,3)*INDEX(Datos!$B$3:$K$12,($A35+1)+-1,(B$29+1)+1)+INDEX(Kernels!$G$5:$I$7,2,1)*INDEX(Datos!$B$3:$K$12,($A35+1)+0,(B$29+1)+-1)+INDEX(Kernels!$G$5:$I$7,2,2)*INDEX(Datos!$B$3:$K$12,($A35+1)+0,(B$29+1)+0)+INDEX(Kernels!$G$5:$I$7,2,3)*INDEX(Datos!$B$3:$K$12,($A35+1)+0,(B$29+1)+1)+INDEX(Kernels!$G$5:$I$7,3,1)*INDEX(Datos!$B$3:$K$12,($A35+1)+1,(B$29+1)+-1)+INDEX(Kernels!$G$5:$I$7,3,2)*INDEX(Datos!$B$3:$K$12,($A35+1)+1,(B$29+1)+0)+INDEX(Kernels!$G$5:$I$7,3,3)*INDEX(Datos!$B$3:$K$12,($A35+1)+1,(B$29+1)+1))/Kernels!$K$6,"") | C35: =IF(AND($A35>=1,$A35<=8,C$29>=1,C$29<=8),(INDEX(Kernels!$G$5:$I$7,1,1)*INDEX(Datos!$B$3:$K$12,($A35+1)+-1,(C$29+1)+-1)+INDEX(Kernels!$G$5:$I$7,1,2)*INDEX(Datos!$B$3:$K$12,($A35+1)+-1,(C$29+1)+0)+INDEX(Kernels!$G$5:$I$7,1,3)*INDEX(Datos!$B$3:$K$12,($A35+1)+-1,(C$29+1)+1)+INDEX(Kernels!$G$5:$I$7,2,1)*INDEX(Datos!$B$3:$K$12,($A35+1)+0,(C$29+1)+-1)+INDEX(Kernels!$G$5:$I$7,2,2)*INDEX(Datos!$B$3:$K$12,($A35+1)+0,(C$29+1)+0)+INDEX(Kernels!$G$5:$I$7,2,3)*INDEX(Datos!$B$3:$K$12,($A35+1)+0,(C$29+1)+1)+INDEX(Kernels!$G$5:$I$7,3,1)*INDEX(Datos!$B$3:$K$12,($A35+1)+1,(C$29+1)+-1)+INDEX(Kernels!$G$5:$I$7,3,2)*INDEX(Datos!$B$3:$K$12,($A35+1)+1,(C$29+1)+0)+INDEX(Kernels!$G$5:$I$7,3,3)*INDEX(Datos!$B$3:$K$12,($A35+1)+1,(C$29+1)+1))/Kernels!$K$6,"") -> 98.75 | D35: =IF(AND($A35>=1,$A35<=8,D$29>=1,D$29<=8),(INDEX(Kernels!$G$5:$I$7,1,1)*INDEX(Datos!$B$3:$K$12,($A35+1)+-1,(D$29+1)+-1)+INDEX(Kernels!$G$5:$I$7,1,2)*INDEX(Datos!$B$3:$K$12,($A35+1)+-1,(D$29+1)+0)+INDEX(Kernels!$G$5:$I$7,1,3)*INDEX(Datos!$B$3:$K$12,($A35+1)+-1,(D$29+1)+1)+INDEX(Kernels!$G$5:$I$7,2,1)*INDEX(Datos!$B$3:$K$12,($A35+1)+0,(D$29+1)+-1)+INDEX(Kernels!$G$5:$I$7,2,2)*INDEX(Datos!$B$3:$K$12,($A35+1)+0,(D$29+1)+0)+INDEX(Kernels!$G$5:$I$7,2,3)*INDEX(Datos!$B$3:$K$12,($A35+1)+0,(D$29+1)+1)+INDEX(Kernels!$G$5:$I$7,3,1)*INDEX(Datos!$B$3:$K$12,($A35+1)+1,(D$29+1)+-1)+INDEX(Kernels!$G$5:$I$7,3,2)*INDEX(Datos!$B$3:$K$12,($A35+1)+1,(D$29+1)+0)+INDEX(Kernels!$G$5:$I$7,3,3)*INDEX(Datos!$B$3:$K$12,($A35+1)+1,(D$29+1)+1))/Kernels!$K$6,"") -> 90 | E35: =IF(AND($A35>=1,$A35<=8,E$29>=1,E$29<=8),(INDEX(Kernels!$G$5:$I$7,1,1)*INDEX(Datos!$B$3:$K$12,($A35+1)+-1,(E$29+1)+-1)+INDEX(Kernels!$G$5:$I$7,1,2)*INDEX(Datos!$B$3:$K$12,($A35+1)+-1,(E$29+1)+0)+INDEX(Kernels!$G$5:$I$7,1,3)*INDEX(Datos!$B$3:$K$12,($A35+1)+-1,(E$29+1)+1)+INDEX(Kernels!$G$5:$I$7,2,1)*INDEX(Datos!$B$3:$K$12,($A35+1)+0,(E$29+1)+-1)+INDEX(Kernels!$G$5:$I$7,2,2)*INDEX(Datos!$B$3:$K$12,($A35+1)+0,(E$29+1)+0)+INDEX(Kernels!$G$5:$I$7,2,3)*INDEX(Datos!$B$3:$K$12,($A35+1)+0,(E$29+1)+1)+INDEX(Kernels!$G$5:$I$7,3,1)*INDEX(Datos!$B$3:$K$12,($A35+1)+1,(E$29+1)+-1)+INDEX(Kernels!$G$5:$I$7,3,2)*INDEX(Datos!$B$3:$K$12,($A35+1)+1,(E$29+1)+0)+INDEX(Kernels!$G$5:$I$7,3,3)*INDEX(Datos!$B$3:$K$12,($A35+1)+1,(E$29+1)+1))/Kernels!$K$6,"") -> 91.5 | F35: =IF(AND($A35>=1,$A35<=8,F$29>=1,F$29<=8),(INDEX(Kernels!$G$5:$I$7,1,1)*INDEX(Datos!$B$3:$K$12,($A35+1)+-1,(F$29+1)+-1)+INDEX(Kernels!$G$5:$I$7,1,2)*INDEX(Datos!$B$3:$K$12,($A35+1)+-1,(F$29+1)+0)+INDEX(Kernels!$G$5:$I$7,1,3)*INDEX(Datos!$B$3:$K$12,($A35+1)+-1,(F$29+1)+1)+INDEX(Kernels!$G$5:$I$7,2,1)*INDEX(Datos!$B$3:$K$12,($A35+1)+0,(F$29+1)+-1)+INDEX(Kernels!$G$5:$I$7,2,2)*INDEX(Datos!$B$3:$K$12,($A35+1)+0,(F$29+1)+0)+INDEX(Kernels!$G$5:$I$7,2,3)*INDEX(Datos!$B$3:$K$12,($A35+1)+0,(F$29+1)+1)+INDEX(Kernels!$G$5:$I$7,3,1)*INDEX(Datos!$B$3:$K$12,($A35+1)+1,(F$29+1)+-1)+INDEX(Kernels!$G$5:$I$7,3,2)*INDEX(Datos!$B$3:$K$12,($A35+1)+1,(F$29+1)+0)+INDEX(Kernels!$G$5:$I$7,3,3)*INDEX(Datos!$B$3:$K$12,($A35+1)+1,(F$29+1)+1))/Kernels!$K$6,"") -> 102 | G35: =IF(AND($A35>=1,$A35<=8,G$29>=1,G$29<=8),(INDEX(Kernels!$G$5:$I$7,1,1)*INDEX(Datos!$B$3:$K$12,($A35+1)+-1,(G$29+1)+-1)+INDEX(Kernels!$G$5:$I$7,1,2)*INDEX(Datos!$B$3:$K$12,($A35+1)+-1,(G$29+1)+0)+INDEX(Kernels!$G$5:$I$7,1,3)*INDEX(Datos!$B$3:$K$12,($A35+1)+-1,(G$29+1)+1)+INDEX(Kernels!$G$5:$I$7,2,1)*INDEX(Datos!$B$3:$K$12,($A35+1)+0,(G$29+1)+-1)+INDEX(Kernels!$G$5:$I$7,2,2)*INDEX(Datos!$B$3:$K$12,($A35+1)+0,(G$29+1)+0)+INDEX(Kernels!$G$5:$I$7,2,3)*INDEX(Datos!$B$3:$K$12,($A35+1)+0,(G$29+1)+1)+INDEX(Kernels!$G$5:$I$7,3,1)*INDEX(Datos!$B$3:$K$12,($A35+1)+1,(G$29+1)+-1)+INDEX(Kernels!$G$5:$I$7,3,2)*INDEX(Datos!$B$3:$K$12,($A35+1)+1,(G$29+1)+0)+INDEX(Kernels!$G$5:$I$7,3,3)*INDEX(Datos!$B$3:$K$12,($A35+1)+1,(G$29+1)+1))/Kernels!$K$6,"") -> 116.4375 | H35: =IF(AND($A35>=1,$A35<=8,H$29>=1,H$29<=8),(INDEX(Kernels!$G$5:$I$7,1,1)*INDEX(Datos!$B$3:$K$12,($A35+1)+-1,(H$29+1)+-1)+INDEX(Kernels!$G$5:$I$7,1,2)*INDEX(Datos!$B$3:$K$12,($A35+1)+-1,(H$29+1)+0)+INDEX(Kernels!$G$5:$I$7,1,3)*INDEX(Datos!$B$3:$K$12,($A35+1)+-1,(H$29+1)+1)+INDEX(Kernels!$G$5:$I$7,2,1)*INDEX(Datos!$B$3:$K$12,($A35+1)+0,(H$29+1)+-1)+INDEX(Kernels!$G$5:$I$7,2,2)*INDEX(Datos!$B$3:$K$12,($A35+1)+0,(H$29+1)+0)+INDEX(Kernels!$G$5:$I$7,2,3)*INDEX(Datos!$B$3:$K$12,($A35+1)+0,(H$29+1)+1)+INDEX(Kernels!$G$5:$I$7,3,1)*INDEX(Datos!$B$3:$K$12,($A35+1)+1,(H$29+1)+-1)+INDEX(Kernels!$G$5:$I$7,3,2)*INDEX(Datos!$B$3:$K$12,($A35+1)+1,(H$29+1)+0)+INDEX(Kernels!$G$5:$I$7,3,3)*INDEX(Datos!$B$3:$K$12,($A35+1)+1,(H$29+1)+1))/Kernels!$K$6,"") -> 130.9375 | I35: =IF(AND($A35>=1,$A35<=8,I$29>=1,I$29<=8),(INDEX(Kernels!$G$5:$I$7,1,1)*INDEX(Datos!$B$3:$K$12,($A35+1)+-1,(I$29+1)+-1)+INDEX(Kernels!$G$5:$I$7,1,2)*INDEX(Datos!$B$3:$K$12,($A35+1)+-1,(I$29+1)+0)+INDEX(Kernels!$G$5:$I$7,1,3)*INDEX(Datos!$B$3:$K$12,($A35+1)+-1,(I$29+1)+1)+INDEX(Kernels!$G$5:$I$7,2,1)*INDEX(Datos!$B$3:$K$12,($A35+1)+0,(I$29+1)+-1)+INDEX(Kernels!$G$5:$I$7,2,2)*INDEX(Datos!$B$3:$K$12,($A35+1)+0,(I$29+1)+0)+INDEX(Kernels!$G$5:$I$7,2,3)*INDEX(Datos!$B$3:$K$12,($A35+1)+0,(I$29+1)+1)+INDEX(Kernels!$G$5:$I$7,3,1)*INDEX(Datos!$B$3:$K$12,($A35+1)+1,(I$29+1)+-1)+INDEX(Kernels!$G$5:$I$7,3,2)*INDEX(Datos!$B$3:$K$12,($A35+1)+1,(I$29+1)+0)+INDEX(Kernels!$G$5:$I$7,3,3)*INDEX(Datos!$B$3:$K$12,($A35+1)+1,(I$29+1)+1))/Kernels!$K$6,"") -> 137.5 | ... K35: =IF(AND($A35>=1,$A35<=8,K$29>=1,K$29<=8),(INDEX(Kernels!$G$5:$I$7,1,1)*INDEX(Datos!$B$3:$K$12,($A35+1)+-1,(K$29+1)+-1)+INDEX(Kernels!$G$5:$I$7,1,2)*INDEX(Datos!$B$3:$K$12,($A35+1)+-1,(K$29+1)+0)+INDEX(Kernels!$G$5:$I$7,1,3)*INDEX(Datos!$B$3:$K$12,($A35+1)+-1,(K$29+1)+1)+INDEX(Kernels!$G$5:$I$7,2,1)*INDEX(Datos!$B$3:$K$12,($A35+1)+0,(K$29+1)+-1)+INDEX(Kernels!$G$5:$I$7,2,2)*INDEX(Datos!$B$3:$K$12,($A35+1)+0,(K$29+1)+0)+INDEX(Kernels!$G$5:$I$7,2,3)*INDEX(Datos!$B$3:$K$12,($A35+1)+0,(K$29+1)+1)+INDEX(Kernels!$G$5:$I$7,3,1)*INDEX(Datos!$B$3:$K$12,($A35+1)+1,(K$29+1)+-1)+INDEX(Kernels!$G$5:$I$7,3,2)*INDEX(Datos!$B$3:$K$12,($A35+1)+1,(K$29+1)+0)+INDEX(Kernels!$G$5:$I$7,3,3)*INDEX(Datos!$B$3:$K$12,($A35+1)+1,(K$29+1)+1))/Kernels!$K$6,"")
A36: 6 | B36: =IF(AND($A36>=1,$A36<=8,B$29>=1,B$29<=8),(INDEX(Kernels!$G$5:$I$7,1,1)*INDEX(Datos!$B$3:$K$12,($A36+1)+-1,(B$29+1)+-1)+INDEX(Kernels!$G$5:$I$7,1,2)*INDEX(Datos!$B$3:$K$12,($A36+1)+-1,(B$29+1)+0)+INDEX(Kernels!$G$5:$I$7,1,3)*INDEX(Datos!$B$3:$K$12,($A36+1)+-1,(B$29+1)+1)+INDEX(Kernels!$G$5:$I$7,2,1)*INDEX(Datos!$B$3:$K$12,($A36+1)+0,(B$29+1)+-1)+INDEX(Kernels!$G$5:$I$7,2,2)*INDEX(Datos!$B$3:$K$12,($A36+1)+0,(B$29+1)+0)+INDEX(Kernels!$G$5:$I$7,2,3)*INDEX(Datos!$B$3:$K$12,($A36+1)+0,(B$29+1)+1)+INDEX(Kernels!$G$5:$I$7,3,1)*INDEX(Datos!$B$3:$K$12,($A36+1)+1,(B$29+1)+-1)+INDEX(Kernels!$G$5:$I$7,3,2)*INDEX(Datos!$B$3:$K$12,($A36+1)+1,(B$29+1)+0)+INDEX(Kernels!$G$5:$I$7,3,3)*INDEX(Datos!$B$3:$K$12,($A36+1)+1,(B$29+1)+1))/Kernels!$K$6,"") | C36: =IF(AND($A36>=1,$A36<=8,C$29>=1,C$29<=8),(INDEX(Kernels!$G$5:$I$7,1,1)*INDEX(Datos!$B$3:$K$12,($A36+1)+-1,(C$29+1)+-1)+INDEX(Kernels!$G$5:$I$7,1,2)*INDEX(Datos!$B$3:$K$12,($A36+1)+-1,(C$29+1)+0)+INDEX(Kernels!$G$5:$I$7,1,3)*INDEX(Datos!$B$3:$K$12,($A36+1)+-1,(C$29+1)+1)+INDEX(Kernels!$G$5:$I$7,2,1)*INDEX(Datos!$B$3:$K$12,($A36+1)+0,(C$29+1)+-1)+INDEX(Kernels!$G$5:$I$7,2,2)*INDEX(Datos!$B$3:$K$12,($A36+1)+0,(C$29+1)+0)+INDEX(Kernels!$G$5:$I$7,2,3)*INDEX(Datos!$B$3:$K$12,($A36+1)+0,(C$29+1)+1)+INDEX(Kernels!$G$5:$I$7,3,1)*INDEX(Datos!$B$3:$K$12,($A36+1)+1,(C$29+1)+-1)+INDEX(Kernels!$G$5:$I$7,3,2)*INDEX(Datos!$B$3:$K$12,($A36+1)+1,(C$29+1)+0)+INDEX(Kernels!$G$5:$I$7,3,3)*INDEX(Datos!$B$3:$K$12,($A36+1)+1,(C$29+1)+1))/Kernels!$K$6,"") -> 76.6875 | D36: =IF(AND($A36>=1,$A36<=8,D$29>=1,D$29<=8),(INDEX(Kernels!$G$5:$I$7,1,1)*INDEX(Datos!$B$3:$K$12,($A36+1)+-1,(D$29+1)+-1)+INDEX(Kernels!$G$5:$I$7,1,2)*INDEX(Datos!$B$3:$K$12,($A36+1)+-1,(D$29+1)+0)+INDEX(Kernels!$G$5:$I$7,1,3)*INDEX(Datos!$B$3:$K$12,($A36+1)+-1,(D$29+1)+1)+INDEX(Kernels!$G$5:$I$7,2,1)*INDEX(Datos!$B$3:$K$12,($A36+1)+0,(D$29+1)+-1)+INDEX(Kernels!$G$5:$I$7,2,2)*INDEX(Datos!$B$3:$K$12,($A36+1)+0,(D$29+1)+0)+INDEX(Kernels!$G$5:$I$7,2,3)*INDEX(Datos!$B$3:$K$12,($A36+1)+0,(D$29+1)+1)+INDEX(Kernels!$G$5:$I$7,3,1)*INDEX(Datos!$B$3:$K$12,($A36+1)+1,(D$29+1)+-1)+INDEX(Kernels!$G$5:$I$7,3,2)*INDEX(Datos!$B$3:$K$12,($A36+1)+1,(D$29+1)+0)+INDEX(Kernels!$G$5:$I$7,3,3)*INDEX(Datos!$B$3:$K$12,($A36+1)+1,(D$29+1)+1))/Kernels!$K$6,"") -> 86.25 | E36: =IF(AND($A36>=1,$A36<=8,E$29>=1,E$29<=8),(INDEX(Kernels!$G$5:$I$7,1,1)*INDEX(Datos!$B$3:$K$12,($A36+1)+-1,(E$29+1)+-1)+INDEX(Kernels!$G$5:$I$7,1,2)*INDEX(Datos!$B$3:$K$12,($A36+1)+-1,(E$29+1)+0)+INDEX(Kernels!$G$5:$I$7,1,3)*INDEX(Datos!$B$3:$K$12,($A36+1)+-1,(E$29+1)+1)+INDEX(Kernels!$G$5:$I$7,2,1)*INDEX(Datos!$B$3:$K$12,($A36+1)+0,(E$29+1)+-1)+INDEX(Kernels!$G$5:$I$7,2,2)*INDEX(Datos!$B$3:$K$12,($A36+1)+0,(E$29+1)+0)+INDEX(Kernels!$G$5:$I$7,2,3)*INDEX(Datos!$B$3:$K$12,($A36+1)+0,(E$29+1)+1)+INDEX(Kernels!$G$5:$I$7,3,1)*INDEX(Datos!$B$3:$K$12,($A36+1)+1,(E$29+1)+-1)+INDEX(Kernels!$G$5:$I$7,3,2)*INDEX(Datos!$B$3:$K$12,($A36+1)+1,(E$29+1)+0)+INDEX(Kernels!$G$5:$I$7,3,3)*INDEX(Datos!$B$3:$K$12,($A36+1)+1,(E$29+1)+1))/Kernels!$K$6,"") -> 101.5 | F36: =IF(AND($A36>=1,$A36<=8,F$29>=1,F$29<=8),(INDEX(Kernels!$G$5:$I$7,1,1)*INDEX(Datos!$B$3:$K$12,($A36+1)+-1,(F$29+1)+-1)+INDEX(Kernels!$G$5:$I$7,1,2)*INDEX(Datos!$B$3:$K$12,($A36+1)+-1,(F$29+1)+0)+INDEX(Kernels!$G$5:$I$7,1,3)*INDEX(Datos!$B$3:$K$12,($A36+1)+-1,(F$29+1)+1)+INDEX(Kernels!$G$5:$I$7,2,1)*INDEX(Datos!$B$3:$K$12,($A36+1)+0,(F$29+1)+-1)+INDEX(Kernels!$G$5:$I$7,2,2)*INDEX(Datos!$B$3:$K$12,($A36+1)+0,(F$29+1)+0)+INDEX(Kernels!$G$5:$I$7,2,3)*INDEX(Datos!$B$3:$K$12,($A36+1)+0,(F$29+1)+1)+INDEX(Kernels!$G$5:$I$7,3,1)*INDEX(Datos!$B$3:$K$12,($A36+1)+1,(F$29+1)+-1)+INDEX(Kernels!$G$5:$I$7,3,2)*INDEX(Datos!$B$3:$K$12,($A36+1)+1,(F$29+1)+0)+INDEX(Kernels!$G$5:$I$7,3,3)*INDEX(Datos!$B$3:$K$12,($A36+1)+1,(F$29+1)+1))/Kernels!$K$6,"") -> 114.9375 | G36: =IF(AND($A36>=1,$A36<=8,G$29>=1,G$29<=8),(INDEX(Kernels!$G$5:$I$7,1,1)*INDEX(Datos!$B$3:$K$12,($A36+1)+-1,(G$29+1)+-1)+INDEX(Kernels!$G$5:$I$7,1,2)*INDEX(Datos!$B$3:$K$12,($A36+1)+-1,(G$29+1)+0)+INDEX(Kernels!$G$5:$I$7,1,3)*INDEX(Datos!$B$3:$K$12,($A36+1)+-1,(G$29+1)+1)+INDEX(Kernels!$G$5:$I$7,2,1)*INDEX(Datos!$B$3:$K$12,($A36+1)+0,(G$29+1)+-1)+INDEX(Kernels!$G$5:$I$7,2,2)*INDEX(Datos!$B$3:$K$12,($A36+1)+0,(G$29+1)+0)+INDEX(Kernels!$G$5:$I$7,2,3)*INDEX(Datos!$B$3:$K$12,($A36+1)+0,(G$29+1)+1)+INDEX(Kernels!$G$5:$I$7,3,1)*INDEX(Datos!$B$3:$K$12,($A36+1)+1,(G$29+1)+-1)+INDEX(Kernels!$G$5:$I$7,3,2)*INDEX(Datos!$B$3:$K$12,($A36+1)+1,(G$29+1)+0)+INDEX(Kernels!$G$5:$I$7,3,3)*INDEX(Datos!$B$3:$K$12,($A36+1)+1,(G$29+1)+1))/Kernels!$K$6,"") -> 122.375 | H36: =IF(AND($A36>=1,$A36<=8,H$29>=1,H$29<=8),(INDEX(Kernels!$G$5:$I$7,1,1)*INDEX(Datos!$B$3:$K$12,($A36+1)+-1,(H$29+1)+-1)+INDEX(Kernels!$G$5:$I$7,1,2)*INDEX(Datos!$B$3:$K$12,($A36+1)+-1,(H$29+1)+0)+INDEX(Kernels!$G$5:$I$7,1,3)*INDEX(Datos!$B$3:$K$12,($A36+1)+-1,(H$29+1)+1)+INDEX(Kernels!$G$5:$I$7,2,1)*INDEX(Datos!$B$3:$K$12,($A36+1)+0,(H$29+1)+-1)+INDEX(Kernels!$G$5:$I$7,2,2)*INDEX(Datos!$B$3:$K$12,($A36+1)+0,(H$29+1)+0)+INDEX(Kernels!$G$5:$I$7,2,3)*INDEX(Datos!$B$3:$K$12,($A36+1)+0,(H$29+1)+1)+INDEX(Kernels!$G$5:$I$7,3,1)*INDEX(Datos!$B$3:$K$12,($A36+1)+1,(H$29+1)+-1)+INDEX(Kernels!$G$5:$I$7,3,2)*INDEX(Datos!$B$3:$K$12,($A36+1)+1,(H$29+1)+0)+INDEX(Kernels!$G$5:$I$7,3,3)*INDEX(Datos!$B$3:$K$12,($A36+1)+1,(H$29+1)+1))/Kernels!$K$6,"") -> 126.1875 | I36: =IF(AND($A36>=1,$A36<=8,I$29>=1,I$29<=8),(INDEX(Kernels!$G$5:$I$7,1,1)*INDEX(Datos!$B$3:$K$12,($A36+1)+-1,(I$29+1)+-1)+INDEX(Kernels!$G$5:$I$7,1,2)*INDEX(Datos!$B$3:$K$12,($A36+1)+-1,(I$29+1)+0)+INDEX(Kernels!$G$5:$I$7,1,3)*INDEX(Datos!$B$3:$K$12,($A36+1)+-1,(I$29+1)+1)+INDEX(Kernels!$G$5:$I$7,2,1)*INDEX(Datos!$B$3:$K$12,($A36+1)+0,(I$29+1)+-1)+INDEX(Kernels!$G$5:$I$7,2,2)*INDEX(Datos!$B$3:$K$12,($A36+1)+0,(I$29+1)+0)+INDEX(Kernels!$G$5:$I$7,2,3)*INDEX(Datos!$B$3:$K$12,($A36+1)+0,(I$29+1)+1)+INDEX(Kernels!$G$5:$I$7,3,1)*INDEX(Datos!$B$3:$K$12,($A36+1)+1,(I$29+1)+-1)+INDEX(Kernels!$G$5:$I$7,3,2)*INDEX(Datos!$B$3:$K$12,($A36+1)+1,(I$29+1)+0)+INDEX(Kernels!$G$5:$I$7,3,3)*INDEX(Datos!$B$3:$K$12,($A36+1)+1,(I$29+1)+1))/Kernels!$K$6,"") -> 133.9375 | ... K36: =IF(AND($A36>=1,$A36<=8,K$29>=1,K$29<=8),(INDEX(Kernels!$G$5:$I$7,1,1)*INDEX(Datos!$B$3:$K$12,($A36+1)+-1,(K$29+1)+-1)+INDEX(Kernels!$G$5:$I$7,1,2)*INDEX(Datos!$B$3:$K$12,($A36+1)+-1,(K$29+1)+0)+INDEX(Kernels!$G$5:$I$7,1,3)*INDEX(Datos!$B$3:$K$12,($A36+1)+-1,(K$29+1)+1)+INDEX(Kernels!$G$5:$I$7,2,1)*INDEX(Datos!$B$3:$K$12,($A36+1)+0,(K$29+1)+-1)+INDEX(Kernels!$G$5:$I$7,2,2)*INDEX(Datos!$B$3:$K$12,($A36+1)+0,(K$29+1)+0)+INDEX(Kernels!$G$5:$I$7,2,3)*INDEX(Datos!$B$3:$K$12,($A36+1)+0,(K$29+1)+1)+INDEX(Kernels!$G$5:$I$7,3,1)*INDEX(Datos!$B$3:$K$12,($A36+1)+1,(K$29+1)+-1)+INDEX(Kernels!$G$5:$I$7,3,2)*INDEX(Datos!$B$3:$K$12,($A36+1)+1,(K$29+1)+0)+INDEX(Kernels!$G$5:$I$7,3,3)*INDEX(Datos!$B$3:$K$12,($A36+1)+1,(K$29+1)+1))/Kernels!$K$6,"")
A37: 7 | B37: =IF(AND($A37>=1,$A37<=8,B$29>=1,B$29<=8),(INDEX(Kernels!$G$5:$I$7,1,1)*INDEX(Datos!$B$3:$K$12,($A37+1)+-1,(B$29+1)+-1)+INDEX(Kernels!$G$5:$I$7,1,2)*INDEX(Datos!$B$3:$K$12,($A37+1)+-1,(B$29+1)+0)+INDEX(Kernels!$G$5:$I$7,1,3)*INDEX(Datos!$B$3:$K$12,($A37+1)+-1,(B$29+1)+1)+INDEX(Kernels!$G$5:$I$7,2,1)*INDEX(Datos!$B$3:$K$12,($A37+1)+0,(B$29+1)+-1)+INDEX(Kernels!$G$5:$I$7,2,2)*INDEX(Datos!$B$3:$K$12,($A37+1)+0,(B$29+1)+0)+INDEX(Kernels!$G$5:$I$7,2,3)*INDEX(Datos!$B$3:$K$12,($A37+1)+0,(B$29+1)+1)+INDEX(Kernels!$G$5:$I$7,3,1)*INDEX(Datos!$B$3:$K$12,($A37+1)+1,(B$29+1)+-1)+INDEX(Kernels!$G$5:$I$7,3,2)*INDEX(Datos!$B$3:$K$12,($A37+1)+1,(B$29+1)+0)+INDEX(Kernels!$G$5:$I$7,3,3)*INDEX(Datos!$B$3:$K$12,($A37+1)+1,(B$29+1)+1))/Kernels!$K$6,"") | C37: =IF(AND($A37>=1,$A37<=8,C$29>=1,C$29<=8),(INDEX(Kernels!$G$5:$I$7,1,1)*INDEX(Datos!$B$3:$K$12,($A37+1)+-1,(C$29+1)+-1)+INDEX(Kernels!$G$5:$I$7,1,2)*INDEX(Datos!$B$3:$K$12,($A37+1)+-1,(C$29+1)+0)+INDEX(Kernels!$G$5:$I$7,1,3)*INDEX(Datos!$B$3:$K$12,($A37+1)+-1,(C$29+1)+1)+INDEX(Kernels!$G$5:$I$7,2,1)*INDEX(Datos!$B$3:$K$12,($A37+1)+0,(C$29+1)+-1)+INDEX(Kernels!$G$5:$I$7,2,2)*INDEX(Datos!$B$3:$K$12,($A37+1)+0,(C$29+1)+0)+INDEX(Kernels!$G$5:$I$7,2,3)*INDEX(Datos!$B$3:$K$12,($A37+1)+0,(C$29+1)+1)+INDEX(Kernels!$G$5:$I$7,3,1)*INDEX(Datos!$B$3:$K$12,($A37+1)+1,(C$29+1)+-1)+INDEX(Kernels!$G$5:$I$7,3,2)*INDEX(Datos!$B$3:$K$12,($A37+1)+1,(C$29+1)+0)+INDEX(Kernels!$G$5:$I$7,3,3)*INDEX(Datos!$B$3:$K$12,($A37+1)+1,(C$29+1)+1))/Kernels!$K$6,"") -> 65.625 | D37: =IF(AND($A37>=1,$A37<=8,D$29>=1,D$29<=8),(INDEX(Kernels!$G$5:$I$7,1,1)*INDEX(Datos!$B$3:$K$12,($A37+1)+-1,(D$29+1)+-1)+INDEX(Kernels!$G$5:$I$7,1,2)*INDEX(Datos!$B$3:$K$12,($A37+1)+-1,(D$29+1)+0)+INDEX(Kernels!$G$5:$I$7,1,3)*INDEX(Datos!$B$3:$K$12,($A37+1)+-1,(D$29+1)+1)+INDEX(Kernels!$G$5:$I$7,2,1)*INDEX(Datos!$B$3:$K$12,($A37+1)+0,(D$29+1)+-1)+INDEX(Kernels!$G$5:$I$7,2,2)*INDEX(Datos!$B$3:$K$12,($A37+1)+0,(D$29+1)+0)+INDEX(Kernels!$G$5:$I$7,2,3)*INDEX(Datos!$B$3:$K$12,($A37+1)+0,(D$29+1)+1)+INDEX(Kernels!$G$5:$I$7,3,1)*INDEX(Datos!$B$3:$K$12,($A37+1)+1,(D$29+1)+-1)+INDEX(Kernels!$G$5:$I$7,3,2)*INDEX(Datos!$B$3:$K$12,($A37+1)+1,(D$29+1)+0)+INDEX(Kernels!$G$5:$I$7,3,3)*INDEX(Datos!$B$3:$K$12,($A37+1)+1,(D$29+1)+1))/Kernels!$K$6,"") -> 81.375 | E37: =IF(AND($A37>=1,$A37<=8,E$29>=1,E$29<=8),(INDEX(Kernels!$G$5:$I$7,1,1)*INDEX(Datos!$B$3:$K$12,($A37+1)+-1,(E$29+1)+-1)+INDEX(Kernels!$G$5:$I$7,1,2)*INDEX(Datos!$B$3:$K$12,($A37+1)+-1,(E$29+1)+0)+INDEX(Kernels!$G$5:$I$7,1,3)*INDEX(Datos!$B$3:$K$12,($A37+1)+-1,(E$29+1)+1)+INDEX(Kernels!$G$5:$I$7,2,1)*INDEX(Datos!$B$3:$K$12,($A37+1)+0,(E$29+1)+-1)+INDEX(Kernels!$G$5:$I$7,2,2)*INDEX(Datos!$B$3:$K$12,($A37+1)+0,(E$29+1)+0)+INDEX(Kernels!$G$5:$I$7,2,3)*INDEX(Datos!$B$3:$K$12,($A37+1)+0,(E$29+1)+1)+INDEX(Kernels!$G$5:$I$7,3,1)*INDEX(Datos!$B$3:$K$12,($A37+1)+1,(E$29+1)+-1)+INDEX(Kernels!$G$5:$I$7,3,2)*INDEX(Datos!$B$3:$K$12,($A37+1)+1,(E$29+1)+0)+INDEX(Kernels!$G$5:$I$7,3,3)*INDEX(Datos!$B$3:$K$12,($A37+1)+1,(E$29+1)+1))/Kernels!$K$6,"") -> 98.0625 | F37: =IF(AND($A37>=1,$A37<=8,F$29>=1,F$29<=8),(INDEX(Kernels!$G$5:$I$7,1,1)*INDEX(Datos!$B$3:$K$12,($A37+1)+-1,(F$29+1)+-1)+INDEX(Kernels!$G$5:$I$7,1,2)*INDEX(Datos!$B$3:$K$12,($A37+1)+-1,(F$29+1)+0)+INDEX(Kernels!$G$5:$I$7,1,3)*INDEX(Datos!$B$3:$K$12,($A37+1)+-1,(F$29+1)+1)+INDEX(Kernels!$G$5:$I$7,2,1)*INDEX(Datos!$B$3:$K$12,($A37+1)+0,(F$29+1)+-1)+INDEX(Kernels!$G$5:$I$7,2,2)*INDEX(Datos!$B$3:$K$12,($A37+1)+0,(F$29+1)+0)+INDEX(Kernels!$G$5:$I$7,2,3)*INDEX(Datos!$B$3:$K$12,($A37+1)+0,(F$29+1)+1)+INDEX(Kernels!$G$5:$I$7,3,1)*INDEX(Datos!$B$3:$K$12,($A37+1)+1,(F$29+1)+-1)+INDEX(Kernels!$G$5:$I$7,3,2)*INDEX(Datos!$B$3:$K$12,($A37+1)+1,(F$29+1)+0)+INDEX(Kernels!$G$5:$I$7,3,3)*INDEX(Datos!$B$3:$K$12,($A37+1)+1,(F$29+1)+1))/Kernels!$K$6,"") -> 109.125 | G37: =IF(AND($A37>=1,$A37<=8,G$29>=1,G$29<=8),(INDEX(Kernels!$G$5:$I$7,1,1)*INDEX(Datos!$B$3:$K$12,($A37+1)+-1,(G$29+1)+-1)+INDEX(Kernels!$G$5:$I$7,1,2)*INDEX(Datos!$B$3:$K$12,($A37+1)+-1,(G$29+1)+0)+INDEX(Kernels!$G$5:$I$7,1,3)*INDEX(Datos!$B$3:$K$12,($A37+1)+-1,(G$29+1)+1)+INDEX(Kernels!$G$5:$I$7,2,1)*INDEX(Datos!$B$3:$K$12,($A37+1)+0,(G$29+1)+-1)+INDEX(Kernels!$G$5:$I$7,2,2)*INDEX(Datos!$B$3:$K$12,($A37+1)+0,(G$29+1)+0)+INDEX(Kernels!$G$5:$I$7,2,3)*INDEX(Datos!$B$3:$K$12,($A37+1)+0,(G$29+1)+1)+INDEX(Kernels!$G$5:$I$7,3,1)*INDEX(Datos!$B$3:$K$12,($A37+1)+1,(G$29+1)+-1)+INDEX(Kernels!$G$5:$I$7,3,2)*INDEX(Datos!$B$3:$K$12,($A37+1)+1,(G$29+1)+0)+INDEX(Kernels!$G$5:$I$7,3,3)*INDEX(Datos!$B$3:$K$12,($A37+1)+1,(G$29+1)+1))/Kernels!$K$6,"") -> 111.875 | H37: =IF(AND($A37>=1,$A37<=8,H$29>=1,H$29<=8),(INDEX(Kernels!$G$5:$I$7,1,1)*INDEX(Datos!$B$3:$K$12,($A37+1)+-1,(H$29+1)+-1)+INDEX(Kernels!$G$5:$I$7,1,2)*INDEX(Datos!$B$3:$K$12,($A37+1)+-1,(H$29+1)+0)+INDEX(Kernels!$G$5:$I$7,1,3)*INDEX(Datos!$B$3:$K$12,($A37+1)+-1,(H$29+1)+1)+INDEX(Kernels!$G$5:$I$7,2,1)*INDEX(Datos!$B$3:$K$12,($A37+1)+0,(H$29+1)+-1)+INDEX(Kernels!$G$5:$I$7,2,2)*INDEX(Datos!$B$3:$K$12,($A37+1)+0,(H$29+1)+0)+INDEX(Kernels!$G$5:$I$7,2,3)*INDEX(Datos!$B$3:$K$12,($A37+1)+0,(H$29+1)+1)+INDEX(Kernels!$G$5:$I$7,3,1)*INDEX(Datos!$B$3:$K$12,($A37+1)+1,(H$29+1)+-1)+INDEX(Kernels!$G$5:$I$7,3,2)*INDEX(Datos!$B$3:$K$12,($A37+1)+1,(H$29+1)+0)+INDEX(Kernels!$G$5:$I$7,3,3)*INDEX(Datos!$B$3:$K$12,($A37+1)+1,(H$29+1)+1))/Kernels!$K$6,"") -> 115.6875 | I37: =IF(AND($A37>=1,$A37<=8,I$29>=1,I$29<=8),(INDEX(Kernels!$G$5:$I$7,1,1)*INDEX(Datos!$B$3:$K$12,($A37+1)+-1,(I$29+1)+-1)+INDEX(Kernels!$G$5:$I$7,1,2)*INDEX(Datos!$B$3:$K$12,($A37+1)+-1,(I$29+1)+0)+INDEX(Kernels!$G$5:$I$7,1,3)*INDEX(Datos!$B$3:$K$12,($A37+1)+-1,(I$29+1)+1)+INDEX(Kernels!$G$5:$I$7,2,1)*INDEX(Datos!$B$3:$K$12,($A37+1)+0,(I$29+1)+-1)+INDEX(Kernels!$G$5:$I$7,2,2)*INDEX(Datos!$B$3:$K$12,($A37+1)+0,(I$29+1)+0)+INDEX(Kernels!$G$5:$I$7,2,3)*INDEX(Datos!$B$3:$K$12,($A37+1)+0,(I$29+1)+1)+INDEX(Kernels!$G$5:$I$7,3,1)*INDEX(Datos!$B$3:$K$12,($A37+1)+1,(I$29+1)+-1)+INDEX(Kernels!$G$5:$I$7,3,2)*INDEX(Datos!$B$3:$K$12,($A37+1)+1,(I$29+1)+0)+INDEX(Kernels!$G$5:$I$7,3,3)*INDEX(Datos!$B$3:$K$12,($A37+1)+1,(I$29+1)+1))/Kernels!$K$6,"") -> 128.75 | ... K37: =IF(AND($A37>=1,$A37<=8,K$29>=1,K$29<=8),(INDEX(Kernels!$G$5:$I$7,1,1)*INDEX(Datos!$B$3:$K$12,($A37+1)+-1,(K$29+1)+-1)+INDEX(Kernels!$G$5:$I$7,1,2)*INDEX(Datos!$B$3:$K$12,($A37+1)+-1,(K$29+1)+0)+INDEX(Kernels!$G$5:$I$7,1,3)*INDEX(Datos!$B$3:$K$12,($A37+1)+-1,(K$29+1)+1)+INDEX(Kernels!$G$5:$I$7,2,1)*INDEX(Datos!$B$3:$K$12,($A37+1)+0,(K$29+1)+-1)+INDEX(Kernels!$G$5:$I$7,2,2)*INDEX(Datos!$B$3:$K$12,($A37+1)+0,(K$29+1)+0)+INDEX(Kernels!$G$5:$I$7,2,3)*INDEX(Datos!$B$3:$K$12,($A37+1)+0,(K$29+1)+1)+INDEX(Kernels!$G$5:$I$7,3,1)*INDEX(Datos!$B$3:$K$12,($A37+1)+1,(K$29+1)+-1)+INDEX(Kernels!$G$5:$I$7,3,2)*INDEX(Datos!$B$3:$K$12,($A37+1)+1,(K$29+1)+0)+INDEX(Kernels!$G$5:$I$7,3,3)*INDEX(Datos!$B$3:$K$12,($A37+1)+1,(K$29+1)+1))/Kernels!$K$6,"")
A38: 8 | B38: =IF(AND($A38>=1,$A38<=8,B$29>=1,B$29<=8),(INDEX(Kernels!$G$5:$I$7,1,1)*INDEX(Datos!$B$3:$K$12,($A38+1)+-1,(B$29+1)+-1)+INDEX(Kernels!$G$5:$I$7,1,2)*INDEX(Datos!$B$3:$K$12,($A38+1)+-1,(B$29+1)+0)+INDEX(Kernels!$G$5:$I$7,1,3)*INDEX(Datos!$B$3:$K$12,($A38+1)+-1,(B$29+1)+1)+INDEX(Kernels!$G$5:$I$7,2,1)*INDEX(Datos!$B$3:$K$12,($A38+1)+0,(B$29+1)+-1)+INDEX(Kernels!$G$5:$I$7,2,2)*INDEX(Datos!$B$3:$K$12,($A38+1)+0,(B$29+1)+0)+INDEX(Kernels!$G$5:$I$7,2,3)*INDEX(Datos!$B$3:$K$12,($A38+1)+0,(B$29+1)+1)+INDEX(Kernels!$G$5:$I$7,3,1)*INDEX(Datos!$B$3:$K$12,($A38+1)+1,(B$29+1)+-1)+INDEX(Kernels!$G$5:$I$7,3,2)*INDEX(Datos!$B$3:$K$12,($A38+1)+1,(B$29+1)+0)+INDEX(Kernels!$G$5:$I$7,3,3)*INDEX(Datos!$B$3:$K$12,($A38+1)+1,(B$29+1)+1))/Kernels!$K$6,"") | C38: =IF(AND($A38>=1,$A38<=8,C$29>=1,C$29<=8),(INDEX(Kernels!$G$5:$I$7,1,1)*INDEX(Datos!$B$3:$K$12,($A38+1)+-1,(C$29+1)+-1)+INDEX(Kernels!$G$5:$I$7,1,2)*INDEX(Datos!$B$3:$K$12,($A38+1)+-1,(C$29+1)+0)+INDEX(Kernels!$G$5:$I$7,1,3)*INDEX(Datos!$B$3:$K$12,($A38+1)+-1,(C$29+1)+1)+INDEX(Kernels!$G$5:$I$7,2,1)*INDEX(Datos!$B$3:$K$12,($A38+1)+0,(C$29+1)+-1)+INDEX(Kernels!$G$5:$I$7,2,2)*INDEX(Datos!$B$3:$K$12,($A38+1)+0,(C$29+1)+0)+INDEX(Kernels!$G$5:$I$7,2,3)*INDEX(Datos!$B$3:$K$12,($A38+1)+0,(C$29+1)+1)+INDEX(Kernels!$G$5:$I$7,3,1)*INDEX(Datos!$B$3:$K$12,($A38+1)+1,(C$29+1)+-1)+INDEX(Kernels!$G$5:$I$7,3,2)*INDEX(Datos!$B$3:$K$12,($A38+1)+1,(C$29+1)+0)+INDEX(Kernels!$G$5:$I$7,3,3)*INDEX(Datos!$B$3:$K$12,($A38+1)+1,(C$29+1)+1))/Kernels!$K$6,"") -> 70.1875 | D38: =IF(AND($A38>=1,$A38<=8,D$29>=1,D$29<=8),(INDEX(Kernels!$G$5:$I$7,1,1)*INDEX(Datos!$B$3:$K$12,($A38+1)+-1,(D$29+1)+-1)+INDEX(Kernels!$G$5:$I$7,1,2)*INDEX(Datos!$B$3:$K$12,($A38+1)+-1,(D$29+1)+0)+INDEX(Kernels!$G$5:$I$7,1,3)*INDEX(Datos!$B$3:$K$12,($A38+1)+-1,(D$29+1)+1)+INDEX(Kernels!$G$5:$I$7,2,1)*INDEX(Datos!$B$3:$K$12,($A38+1)+0,(D$29+1)+-1)+INDEX(Kernels!$G$5:$I$7,2,2)*INDEX(Datos!$B$3:$K$12,($A38+1)+0,(D$29+1)+0)+INDEX(Kernels!$G$5:$I$7,2,3)*INDEX(Datos!$B$3:$K$12,($A38+1)+0,(D$29+1)+1)+INDEX(Kernels!$G$5:$I$7,3,1)*INDEX(Datos!$B$3:$K$12,($A38+1)+1,(D$29+1)+-1)+INDEX(Kernels!$G$5:$I$7,3,2)*INDEX(Datos!$B$3:$K$12,($A38+1)+1,(D$29+1)+0)+INDEX(Kernels!$G$5:$I$7,3,3)*INDEX(Datos!$B$3:$K$12,($A38+1)+1,(D$29+1)+1))/Kernels!$K$6,"") -> 75.9375 | E38: =IF(AND($A38>=1,$A38<=8,E$29>=1,E$29<=8),(INDEX(Kernels!$G$5:$I$7,1,1)*INDEX(Datos!$B$3:$K$12,($A38+1)+-1,(E$29+1)+-1)+INDEX(Kernels!$G$5:$I$7,1,2)*INDEX(Datos!$B$3:$K$12,($A38+1)+-1,(E$29+1)+0)+INDEX(Kernels!$G$5:$I$7,1,3)*INDEX(Datos!$B$3:$K$12,($A38+1)+-1,(E$29+1)+1)+INDEX(Kernels!$G$5:$I$7,2,1)*INDEX(Datos!$B$3:$K$12,($A38+1)+0,(E$29+1)+-1)+INDEX(Kernels!$G$5:$I$7,2,2)*INDEX(Datos!$B$3:$K$12,($A38+1)+0,(E$29+1)+0)+INDEX(Kernels!$G$5:$I$7,2,3)*INDEX(Datos!$B$3:$K$12,($A38+1)+0,(E$29+1)+1)+INDEX(Kernels!$G$5:$I$7,3,1)*INDEX(Datos!$B$3:$K$12,($A38+1)+1,(E$29+1)+-1)+INDEX(Kernels!$G$5:$I$7,3,2)*INDEX(Datos!$B$3:$K$12,($A38+1)+1,(E$29+1)+0)+INDEX(Kernels!$G$5:$I$7,3,3)*INDEX(Datos!$B$3:$K$12,($A38+1)+1,(E$29+1)+1))/Kernels!$K$6,"") -> 82.3125 | F38: =IF(AND($A38>=1,$A38<=8,F$29>=1,F$29<=8),(INDEX(Kernels!$G$5:$I$7,1,1)*INDEX(Datos!$B$3:$K$12,($A38+1)+-1,(F$29+1)+-1)+INDEX(Kernels!$G$5:$I$7,1,2)*INDEX(Datos!$B$3:$K$12,($A38+1)+-1,(F$29+1)+0)+INDEX(Kernels!$G$5:$I$7,1,3)*INDEX(Datos!$B$3:$K$12,($A38+1)+-1,(F$29+1)+1)+INDEX(Kernels!$G$5:$I$7,2,1)*INDEX(Datos!$B$3:$K$12,($A38+1)+0,(F$29+1)+-1)+INDEX(Kernels!$G$5:$I$7,2,2)*INDEX(Datos!$B$3:$K$12,($A38+1)+0,(F$29+1)+0)+INDEX(Kernels!$G$5:$I$7,2,3)*INDEX(Datos!$B$3:$K$12,($A38+1)+0,(F$29+1)+1)+INDEX(Kernels!$G$5:$I$7,3,1)*INDEX(Datos!$B$3:$K$12,($A38+1)+1,(F$29+1)+-1)+INDEX(Kernels!$G$5:$I$7,3,2)*INDEX(Datos!$B$3:$K$12,($A38+1)+1,(F$29+1)+0)+INDEX(Kernels!$G$5:$I$7,3,3)*INDEX(Datos!$B$3:$K$12,($A38+1)+1,(F$29+1)+1))/Kernels!$K$6,"") -> 91.0625 | G38: =IF(AND($A38>=1,$A38<=8,G$29>=1,G$29<=8),(INDEX(Kernels!$G$5:$I$7,1,1)*INDEX(Datos!$B$3:$K$12,($A38+1)+-1,(G$29+1)+-1)+INDEX(Kernels!$G$5:$I$7,1,2)*INDEX(Datos!$B$3:$K$12,($A38+1)+-1,(G$29+1)+0)+INDEX(Kernels!$G$5:$I$7,1,3)*INDEX(Datos!$B$3:$K$12,($A38+1)+-1,(G$29+1)+1)+INDEX(Kernels!$G$5:$I$7,2,1)*INDEX(Datos!$B$3:$K$12,($A38+1)+0,(G$29+1)+-1)+INDEX(Kernels!$G$5:$I$7,2,2)*INDEX(Datos!$B$3:$K$12,($A38+1)+0,(G$29+1)+0)+INDEX(Kernels!$G$5:$I$7,2,3)*INDEX(Datos!$B$3:$K$12,($A38+1)+0,(G$29+1)+1)+INDEX(Kernels!$G$5:$I$7,3,1)*INDEX(Datos!$B$3:$K$12,($A38+1)+1,(G$29+1)+-1)+INDEX(Kernels!$G$5:$I$7,3,2)*INDEX(Datos!$B$3:$K$12,($A38+1)+1,(G$29+1)+0)+INDEX(Kernels!$G$5:$I$7,3,3)*INDEX(Datos!$B$3:$K$12,($A38+1)+1,(G$29+1)+1))/Kernels!$K$6,"") -> 96.3125 | H38: =IF(AND($A38>=1,$A38<=8,H$29>=1,H$29<=8),(INDEX(Kernels!$G$5:$I$7,1,1)*INDEX(Datos!$B$3:$K$12,($A38+1)+-1,(H$29+1)+-1)+INDEX(Kernels!$G$5:$I$7,1,2)*INDEX(Datos!$B$3:$K$12,($A38+1)+-1,(H$29+1)+0)+INDEX(Kernels!$G$5:$I$7,1,3)*INDEX(Datos!$B$3:$K$12,($A38+1)+-1,(H$29+1)+1)+INDEX(Kernels!$G$5:$I$7,2,1)*INDEX(Datos!$B$3:$K$12,($A38+1)+0,(H$29+1)+-1)+INDEX(Kernels!$G$5:$I$7,2,2)*INDEX(Datos!$B$3:$K$12,($A38+1)+0,(H$29+1)+0)+INDEX(Kernels!$G$5:$I$7,2,3)*INDEX(Datos!$B$3:$K$12,($A38+1)+0,(H$29+1)+1)+INDEX(Kernels!$G$5:$I$7,3,1)*INDEX(Datos!$B$3:$K$12,($A38+1)+1,(H$29+1)+-1)+INDEX(Kernels!$G$5:$I$7,3,2)*INDEX(Datos!$B$3:$K$12,($A38+1)+1,(H$29+1)+0)+INDEX(Kernels!$G$5:$I$7,3,3)*INDEX(Datos!$B$3:$K$12,($A38+1)+1,(H$29+1)+1))/Kernels!$K$6,"") -> 110.25 | I38: =IF(AND($A38>=1,$A38<=8,I$29>=1,I$29<=8),(INDEX(Kernels!$G$5:$I$7,1,1)*INDEX(Datos!$B$3:$K$12,($A38+1)+-1,(I$29+1)+-1)+INDEX(Kernels!$G$5:$I$7,1,2)*INDEX(Datos!$B$3:$K$12,($A38+1)+-1,(I$29+1)+0)+INDEX(Kernels!$G$5:$I$7,1,3)*INDEX(Datos!$B$3:$K$12,($A38+1)+-1,(I$29+1)+1)+INDEX(Kernels!$G$5:$I$7,2,1)*INDEX(Datos!$B$3:$K$12,($A38+1)+0,(I$29+1)+-1)+INDEX(Kernels!$G$5:$I$7,2,2)*INDEX(Datos!$B$3:$K$12,($A38+1)+0,(I$29+1)+0)+INDEX(Kernels!$G$5:$I$7,2,3)*INDEX(Datos!$B$3:$K$12,($A38+1)+0,(I$29+1)+1)+INDEX(Kernels!$G$5:$I$7,3,1)*INDEX(Datos!$B$3:$K$12,($A38+1)+1,(I$29+1)+-1)+INDEX(Kernels!$G$5:$I$7,3,2)*INDEX(Datos!$B$3:$K$12,($A38+1)+1,(I$29+1)+0)+INDEX(Kernels!$G$5:$I$7,3,3)*INDEX(Datos!$B$3:$K$12,($A38+1)+1,(I$29+1)+1))/Kernels!$K$6,"") -> 130.125 | ... K38: =IF(AND($A38>=1,$A38<=8,K$29>=1,K$29<=8),(INDEX(Kernels!$G$5:$I$7,1,1)*INDEX(Datos!$B$3:$K$12,($A38+1)+-1,(K$29+1)+-1)+INDEX(Kernels!$G$5:$I$7,1,2)*INDEX(Datos!$B$3:$K$12,($A38+1)+-1,(K$29+1)+0)+INDEX(Kernels!$G$5:$I$7,1,3)*INDEX(Datos!$B$3:$K$12,($A38+1)+-1,(K$29+1)+1)+INDEX(Kernels!$G$5:$I$7,2,1)*INDEX(Datos!$B$3:$K$12,($A38+1)+0,(K$29+1)+-1)+INDEX(Kernels!$G$5:$I$7,2,2)*INDEX(Datos!$B$3:$K$12,($A38+1)+0,(K$29+1)+0)+INDEX(Kernels!$G$5:$I$7,2,3)*INDEX(Datos!$B$3:$K$12,($A38+1)+0,(K$29+1)+1)+INDEX(Kernels!$G$5:$I$7,3,1)*INDEX(Datos!$B$3:$K$12,($A38+1)+1,(K$29+1)+-1)+INDEX(Kernels!$G$5:$I$7,3,2)*INDEX(Datos!$B$3:$K$12,($A38+1)+1,(K$29+1)+0)+INDEX(Kernels!$G$5:$I$7,3,3)*INDEX(Datos!$B$3:$K$12,($A38+1)+1,(K$29+1)+1))/Kernels!$K$6,"")
A39: 9 | B39: =IF(AND($A39>=1,$A39<=8,B$29>=1,B$29<=8),(INDEX(Kernels!$G$5:$I$7,1,1)*INDEX(Datos!$B$3:$K$12,($A39+1)+-1,(B$29+1)+-1)+INDEX(Kernels!$G$5:$I$7,1,2)*INDEX(Datos!$B$3:$K$12,($A39+1)+-1,(B$29+1)+0)+INDEX(Kernels!$G$5:$I$7,1,3)*INDEX(Datos!$B$3:$K$12,($A39+1)+-1,(B$29+1)+1)+INDEX(Kernels!$G$5:$I$7,2,1)*INDEX(Datos!$B$3:$K$12,($A39+1)+0,(B$29+1)+-1)+INDEX(Kernels!$G$5:$I$7,2,2)*INDEX(Datos!$B$3:$K$12,($A39+1)+0,(B$29+1)+0)+INDEX(Kernels!$G$5:$I$7,2,3)*INDEX(Datos!$B$3:$K$12,($A39+1)+0,(B$29+1)+1)+INDEX(Kernels!$G$5:$I$7,3,1)*INDEX(Datos!$B$3:$K$12,($A39+1)+1,(B$29+1)+-1)+INDEX(Kernels!$G$5:$I$7,3,2)*INDEX(Datos!$B$3:$K$12,($A39+1)+1,(B$29+1)+0)+INDEX(Kernels!$G$5:$I$7,3,3)*INDEX(Datos!$B$3:$K$12,($A39+1)+1,(B$29+1)+1))/Kernels!$K$6,"") | C39: =IF(AND($A39>=1,$A39<=8,C$29>=1,C$29<=8),(INDEX(Kernels!$G$5:$I$7,1,1)*INDEX(Datos!$B$3:$K$12,($A39+1)+-1,(C$29+1)+-1)+INDEX(Kernels!$G$5:$I$7,1,2)*INDEX(Datos!$B$3:$K$12,($A39+1)+-1,(C$29+1)+0)+INDEX(Kernels!$G$5:$I$7,1,3)*INDEX(Datos!$B$3:$K$12,($A39+1)+-1,(C$29+1)+1)+INDEX(Kernels!$G$5:$I$7,2,1)*INDEX(Datos!$B$3:$K$12,($A39+1)+0,(C$29+1)+-1)+INDEX(Kernels!$G$5:$I$7,2,2)*INDEX(Datos!$B$3:$K$12,($A39+1)+0,(C$29+1)+0)+INDEX(Kernels!$G$5:$I$7,2,3)*INDEX(Datos!$B$3:$K$12,($A39+1)+0,(C$29+1)+1)+INDEX(Kernels!$G$5:$I$7,3,1)*INDEX(Datos!$B$3:$K$12,($A39+1)+1,(C$29+1)+-1)+INDEX(Kernels!$G$5:$I$7,3,2)*INDEX(Datos!$B$3:$K$12,($A39+1)+1,(C$29+1)+0)+INDEX(Kernels!$G$5:$I$7,3,3)*INDEX(Datos!$B$3:$K$12,($A39+1)+1,(C$29+1)+1))/Kernels!$K$6,"") | D39: =IF(AND($A39>=1,$A39<=8,D$29>=1,D$29<=8),(INDEX(Kernels!$G$5:$I$7,1,1)*INDEX(Datos!$B$3:$K$12,($A39+1)+-1,(D$29+1)+-1)+INDEX(Kernels!$G$5:$I$7,1,2)*INDEX(Datos!$B$3:$K$12,($A39+1)+-1,(D$29+1)+0)+INDEX(Kernels!$G$5:$I$7,1,3)*INDEX(Datos!$B$3:$K$12,($A39+1)+-1,(D$29+1)+1)+INDEX(Kernels!$G$5:$I$7,2,1)*INDEX(Datos!$B$3:$K$12,($A39+1)+0,(D$29+1)+-1)+INDEX(Kernels!$G$5:$I$7,2,2)*INDEX(Datos!$B$3:$K$12,($A39+1)+0,(D$29+1)+0)+INDEX(Kernels!$G$5:$I$7,2,3)*INDEX(Datos!$B$3:$K$12,($A39+1)+0,(D$29+1)+1)+INDEX(Kernels!$G$5:$I$7,3,1)*INDEX(Datos!$B$3:$K$12,($A39+1)+1,(D$29+1)+-1)+INDEX(Kernels!$G$5:$I$7,3,2)*INDEX(Datos!$B$3:$K$12,($A39+1)+1,(D$29+1)+0)+INDEX(Kernels!$G$5:$I$7,3,3)*INDEX(Datos!$B$3:$K$12,($A39+1)+1,(D$29+1)+1))/Kernels!$K$6,"") | E39: =IF(AND($A39>=1,$A39<=8,E$29>=1,E$29<=8),(INDEX(Kernels!$G$5:$I$7,1,1)*INDEX(Datos!$B$3:$K$12,($A39+1)+-1,(E$29+1)+-1)+INDEX(Kernels!$G$5:$I$7,1,2)*INDEX(Datos!$B$3:$K$12,($A39+1)+-1,(E$29+1)+0)+INDEX(Kernels!$G$5:$I$7,1,3)*INDEX(Datos!$B$3:$K$12,($A39+1)+-1,(E$29+1)+1)+INDEX(Kernels!$G$5:$I$7,2,1)*INDEX(Datos!$B$3:$K$12,($A39+1)+0,(E$29+1)+-1)+INDEX(Kernels!$G$5:$I$7,2,2)*INDEX(Datos!$B$3:$K$12,($A39+1)+0,(E$29+1)+0)+INDEX(Kernels!$G$5:$I$7,2,3)*INDEX(Datos!$B$3:$K$12,($A39+1)+0,(E$29+1)+1)+INDEX(Kernels!$G$5:$I$7,3,1)*INDEX(Datos!$B$3:$K$12,($A39+1)+1,(E$29+1)+-1)+INDEX(Kernels!$G$5:$I$7,3,2)*INDEX(Datos!$B$3:$K$12,($A39+1)+1,(E$29+1)+0)+INDEX(Kernels!$G$5:$I$7,3,3)*INDEX(Datos!$B$3:$K$12,($A39+1)+1,(E$29+1)+1))/Kernels!$K$6,"") | F39: =IF(AND($A39>=1,$A39<=8,F$29>=1,F$29<=8),(INDEX(Kernels!$G$5:$I$7,1,1)*INDEX(Datos!$B$3:$K$12,($A39+1)+-1,(F$29+1)+-1)+INDEX(Kernels!$G$5:$I$7,1,2)*INDEX(Datos!$B$3:$K$12,($A39+1)+-1,(F$29+1)+0)+INDEX(Kernels!$G$5:$I$7,1,3)*INDEX(Datos!$B$3:$K$12,($A39+1)+-1,(F$29+1)+1)+INDEX(Kernels!$G$5:$I$7,2,1)*INDEX(Datos!$B$3:$K$12,($A39+1)+0,(F$29+1)+-1)+INDEX(Kernels!$G$5:$I$7,2,2)*INDEX(Datos!$B$3:$K$12,($A39+1)+0,(F$29+1)+0)+INDEX(Kernels!$G$5:$I$7,2,3)*INDEX(Datos!$B$3:$K$12,($A39+1)+0,(F$29+1)+1)+INDEX(Kernels!$G$5:$I$7,3,1)*INDEX(Datos!$B$3:$K$12,($A39+1)+1,(F$29+1)+-1)+INDEX(Kernels!$G$5:$I$7,3,2)*INDEX(Datos!$B$3:$K$12,($A39+1)+1,(F$29+1)+0)+INDEX(Kernels!$G$5:$I$7,3,3)*INDEX(Datos!$B$3:$K$12,($A39+1)+1,(F$29+1)+1))/Kernels!$K$6,"") | G39: =IF(AND($A39>=1,$A39<=8,G$29>=1,G$29<=8),(INDEX(Kernels!$G$5:$I$7,1,1)*INDEX(Datos!$B$3:$K$12,($A39+1)+-1,(G$29+1)+-1)+INDEX(Kernels!$G$5:$I$7,1,2)*INDEX(Datos!$B$3:$K$12,($A39+1)+-1,(G$29+1)+0)+INDEX(Kernels!$G$5:$I$7,1,3)*INDEX(Datos!$B$3:$K$12,($A39+1)+-1,(G$29+1)+1)+INDEX(Kernels!$G$5:$I$7,2,1)*INDEX(Datos!$B$3:$K$12,($A39+1)+0,(G$29+1)+-1)+INDEX(Kernels!$G$5:$I$7,2,2)*INDEX(Datos!$B$3:$K$12,($A39+1)+0,(G$29+1)+0)+INDEX(Kernels!$G$5:$I$7,2,3)*INDEX(Datos!$B$3:$K$12,($A39+1)+0,(G$29+1)+1)+INDEX(Kernels!$G$5:$I$7,3,1)*INDEX(Datos!$B$3:$K$12,($A39+1)+1,(G$29+1)+-1)+INDEX(Kernels!$G$5:$I$7,3,2)*INDEX(Datos!$B$3:$K$12,($A39+1)+1,(G$29+1)+0)+INDEX(Kernels!$G$5:$I$7,3,3)*INDEX(Datos!$B$3:$K$12,($A39+1)+1,(G$29+1)+1))/Kernels!$K$6,"") | H39: =IF(AND($A39>=1,$A39<=8,H$29>=1,H$29<=8),(INDEX(Kernels!$G$5:$I$7,1,1)*INDEX(Datos!$B$3:$K$12,($A39+1)+-1,(H$29+1)+-1)+INDEX(Kernels!$G$5:$I$7,1,2)*INDEX(Datos!$B$3:$K$12,($A39+1)+-1,(H$29+1)+0)+INDEX(Kernels!$G$5:$I$7,1,3)*INDEX(Datos!$B$3:$K$12,($A39+1)+-1,(H$29+1)+1)+INDEX(Kernels!$G$5:$I$7,2,1)*INDEX(Datos!$B$3:$K$12,($A39+1)+0,(H$29+1)+-1)+INDEX(Kernels!$G$5:$I$7,2,2)*INDEX(Datos!$B$3:$K$12,($A39+1)+0,(H$29+1)+0)+INDEX(Kernels!$G$5:$I$7,2,3)*INDEX(Datos!$B$3:$K$12,($A39+1)+0,(H$29+1)+1)+INDEX(Kernels!$G$5:$I$7,3,1)*INDEX(Datos!$B$3:$K$12,($A39+1)+1,(H$29+1)+-1)+INDEX(Kernels!$G$5:$I$7,3,2)*INDEX(Datos!$B$3:$K$12,($A39+1)+1,(H$29+1)+0)+INDEX(Kernels!$G$5:$I$7,3,3)*INDEX(Datos!$B$3:$K$12,($A39+1)+1,(H$29+1)+1))/Kernels!$K$6,"") | I39: =IF(AND($A39>=1,$A39<=8,I$29>=1,I$29<=8),(INDEX(Kernels!$G$5:$I$7,1,1)*INDEX(Datos!$B$3:$K$12,($A39+1)+-1,(I$29+1)+-1)+INDEX(Kernels!$G$5:$I$7,1,2)*INDEX(Datos!$B$3:$K$12,($A39+1)+-1,(I$29+1)+0)+INDEX(Kernels!$G$5:$I$7,1,3)*INDEX(Datos!$B$3:$K$12,($A39+1)+-1,(I$29+1)+1)+INDEX(Kernels!$G$5:$I$7,2,1)*INDEX(Datos!$B$3:$K$12,($A39+1)+0,(I$29+1)+-1)+INDEX(Kernels!$G$5:$I$7,2,2)*INDEX(Datos!$B$3:$K$12,($A39+1)+0,(I$29+1)+0)+INDEX(Kernels!$G$5:$I$7,2,3)*INDEX(Datos!$B$3:$K$12,($A39+1)+0,(I$29+1)+1)+INDEX(Kernels!$G$5:$I$7,3,1)*INDEX(Datos!$B$3:$K$12,($A39+1)+1,(I$29+1)+-1)+INDEX(Kernels!$G$5:$I$7,3,2)*INDEX(Datos!$B$3:$K$12,($A39+1)+1,(I$29+1)+0)+INDEX(Kernels!$G$5:$I$7,3,3)*INDEX(Datos!$B$3:$K$12,($A39+1)+1,(I$29+1)+1))/Kernels!$K$6,"") | ... K39: =IF(AND($A39>=1,$A39<=8,K$29>=1,K$29<=8),(INDEX(Kernels!$G$5:$I$7,1,1)*INDEX(Datos!$B$3:$K$12,($A39+1)+-1,(K$29+1)+-1)+INDEX(Kernels!$G$5:$I$7,1,2)*INDEX(Datos!$B$3:$K$12,($A39+1)+-1,(K$29+1)+0)+INDEX(Kernels!$G$5:$I$7,1,3)*INDEX(Datos!$B$3:$K$12,($A39+1)+-1,(K$29+1)+1)+INDEX(Kernels!$G$5:$I$7,2,1)*INDEX(Datos!$B$3:$K$12,($A39+1)+0,(K$29+1)+-1)+INDEX(Kernels!$G$5:$I$7,2,2)*INDEX(Datos!$B$3:$K$12,($A39+1)+0,(K$29+1)+0)+INDEX(Kernels!$G$5:$I$7,2,3)*INDEX(Datos!$B$3:$K$12,($A39+1)+0,(K$29+1)+1)+INDEX(Kernels!$G$5:$I$7,3,1)*INDEX(Datos!$B$3:$K$12,($A39+1)+1,(K$29+1)+-1)+INDEX(Kernels!$G$5:$I$7,3,2)*INDEX(Datos!$B$3:$K$12,($A39+1)+1,(K$29+1)+0)+INDEX(Kernels!$G$5:$I$7,3,3)*INDEX(Datos!$B$3:$K$12,($A39+1)+1,(K$29+1)+1))/Kernels!$K$6,"")
A42: Sobel X 3×3 (magnitud cruda)
A43: i\j | B43: 0 | C43: 1 | D43: 2 | E43: 3 | F43: 4 | G43: 5 | H43: 6 | I43: 7 | J43: 8 | K43: 9
A44: 0 | B44: =IF(AND($A44>=1,$A44<=8,B$43>=1,B$43<=8),ABS(INDEX(Kernels!$B$13:$D$15,1,1)*INDEX(Datos!$B$3:$K$12,($A44+1)+-1,(B$43+1)+-1)+INDEX(Kernels!$B$13:$D$15,1,2)*INDEX(Datos!$B$3:$K$12,($A44+1)+-1,(B$43+1)+0)+INDEX(Kernels!$B$13:$D$15,1,3)*INDEX(Datos!$B$3:$K$12,($A44+1)+-1,(B$43+1)+1)+INDEX(Kernels!$B$13:$D$15,2,1)*INDEX(Datos!$B$3:$K$12,($A44+1)+0,(B$43+1)+-1)+INDEX(Kernels!$B$13:$D$15,2,2)*INDEX(Datos!$B$3:$K$12,($A44+1)+0,(B$43+1)+0)+INDEX(Kernels!$B$13:$D$15,2,3)*INDEX(Datos!$B$3:$K$12,($A44+1)+0,(B$43+1)+1)+INDEX(Kernels!$B$13:$D$15,3,1)*INDEX(Datos!$B$3:$K$12,($A44+1)+1,(B$43+1)+-1)+INDEX(Kernels!$B$13:$D$15,3,2)*INDEX(Datos!$B$3:$K$12,($A44+1)+1,(B$43+1)+0)+INDEX(Kernels!$B$13:$D$15,3,3)*INDEX(Datos!$B$3:$K$12,($A44+1)+1,(B$43+1)+1)),"") | C44: =IF(AND($A44>=1,$A44<=8,C$43>=1,C$43<=8),ABS(INDEX(Kernels!$B$13:$D$15,1,1)*INDEX(Datos!$B$3:$K$12,($A44+1)+-1,(C$43+1)+-1)+INDEX(Kernels!$B$13:$D$15,1,2)*INDEX(Datos!$B$3:$K$12,($A44+1)+-1,(C$43+1)+0)+INDEX(Kernels!$B$13:$D$15,1,3)*INDEX(Datos!$B$3:$K$12,($A44+1)+-1,(C$43+1)+1)+INDEX(Kernels!$B$13:$D$15,2,1)*INDEX(Datos!$B$3:$K$12,($A44+1)+0,(C$43+1)+-1)+INDEX(Kernels!$B$13:$D$15,2,2)*INDEX(Datos!$B$3:$K$12,($A44+1)+0,(C$43+1)+0)+INDEX(Kernels!$B$13:$D$15,2,3)*INDEX(Datos!$B$3:$K$12,($A44+1)+0,(C$43+1)+1)+INDEX(Kernels!$B$13:$D$15,3,1)*INDEX(Datos!$B$3:$K$12,($A44+1)+1,(C$43+1)+-1)+INDEX(Kernels!$B$13:$D$15,3,2)*INDEX(Datos!$B$3:$K$12,($A44+1)+1,(C$43+1)+0)+INDEX(Kernels!$B$13:$D$15,3,3)*INDEX(Datos!$B$3:$K$12,($A44+1)+1,(C$43+1)+1)),"") | D44: =IF(AND($A44>=1,$A44<=8,D$43>=1,D$43<=8),ABS(INDEX(Kernels!$B$13:$D$15,1,1)*INDEX(Datos!$B$3:$K$12,($A44+1)+-1,(D$43+1)+-1)+INDEX(Kernels!$B$13:$D$15,1,2)*INDEX(Datos!$B$3:$K$12,($A44+1)+-1,(D$43+1)+0)+INDEX(Kernels!$B$13:$D$15,1,3)*INDEX(Datos!$B$3:$K$12,($A44+1)+-1,(D$43+1)+1)+INDEX(Kernels!$B$13:$D$15,2,1)*INDEX(Datos!$B$3:$K$12,($A44+1)+0,(D$43+1)+-1)+INDEX(Kernels!$B$13:$D$15,2,2)*INDEX(Datos!$B$3:$K$12,($A44+1)+0,(D$43+1)+0)+INDEX(Kernels!$B$13:$D$15,2,3)*INDEX(Datos!$B$3:$K$12,($A44+1)+0,(D$43+1)+1)+INDEX(Kernels!$B$13:$D$15,3,1)*INDEX(Datos!$B$3:$K$12,($A44+1)+1,(D$43+1)+-1)+INDEX(Kernels!$B$13:$D$15,3,2)*INDEX(Datos!$B$3:$K$12,($A44+1)+1,(D$43+1)+0)+INDEX(Kernels!$B$13:$D$15,3,3)*INDEX(Datos!$B$3:$K$12,($A44+1)+1,(D$43+1)+1)),"") | E44: =IF(AND($A44>=1,$A44<=8,E$43>=1,E$43<=8),ABS(INDEX(Kernels!$B$13:$D$15,1,1)*INDEX(Datos!$B$3:$K$12,($A44+1)+-1,(E$43+1)+-1)+INDEX(Kernels!$B$13:$D$15,1,2)*INDEX(Datos!$B$3:$K$12,($A44+1)+-1,(E$43+1)+0)+INDEX(Kernels!$B$13:$D$15,1,3)*INDEX(Datos!$B$3:$K$12,($A44+1)+-1,(E$43+1)+1)+INDEX(Kernels!$B$13:$D$15,2,1)*INDEX(Datos!$B$3:$K$12,($A44+1)+0,(E$43+1)+-1)+INDEX(Kernels!$B$13:$D$15,2,2)*INDEX(Datos!$B$3:$K$12,($A44+1)+0,(E$43+1)+0)+INDEX(Kernels!$B$13:$D$15,2,3)*INDEX(Datos!$B$3:$K$12,($A44+1)+0,(E$43+1)+1)+INDEX(Kernels!$B$13:$D$15,3,1)*INDEX(Datos!$B$3:$K$12,($A44+1)+1,(E$43+1)+-1)+INDEX(Kernels!$B$13:$D$15,3,2)*INDEX(Datos!$B$3:$K$12,($A44+1)+1,(E$43+1)+0)+INDEX(Kernels!$B$13:$D$15,3,3)*INDEX(Datos!$B$3:$K$12,($A44+1)+1,(E$43+1)+1)),"") | F44: =IF(AND($A44>=1,$A44<=8,F$43>=1,F$43<=8),ABS(INDEX(Kernels!$B$13:$D$15,1,1)*INDEX(Datos!$B$3:$K$12,($A44+1)+-1,(F$43+1)+-1)+INDEX(Kernels!$B$13:$D$15,1,2)*INDEX(Datos!$B$3:$K$12,($A44+1)+-1,(F$43+1)+0)+INDEX(Kernels!$B$13:$D$15,1,3)*INDEX(Datos!$B$3:$K$12,($A44+1)+-1,(F$43+1)+1)+INDEX(Kernels!$B$13:$D$15,2,1)*INDEX(Datos!$B$3:$K$12,($A44+1)+0,(F$43+1)+-1)+INDEX(Kernels!$B$13:$D$15,2,2)*INDEX(Datos!$B$3:$K$12,($A44+1)+0,(F$43+1)+0)+INDEX(Kernels!$B$13:$D$15,2,3)*INDEX(Datos!$B$3:$K$12,($A44+1)+0,(F$43+1)+1)+INDEX(Kernels!$B$13:$D$15,3,1)*INDEX(Datos!$B$3:$K$12,($A44+1)+1,(F$43+1)+-1)+INDEX(Kernels!$B$13:$D$15,3,2)*INDEX(Datos!$B$3:$K$12,($A44+1)+1,(F$43+1)+0)+INDEX(Kernels!$B$13:$D$15,3,3)*INDEX(Datos!$B$3:$K$12,($A44+1)+1,(F$43+1)+1)),"") | G44: =IF(AND($A44>=1,$A44<=8,G$43>=1,G$43<=8),ABS(INDEX(Kernels!$B$13:$D$15,1,1)*INDEX(Datos!$B$3:$K$12,($A44+1)+-1,(G$43+1)+-1)+INDEX(Kernels!$B$13:$D$15,1,2)*INDEX(Datos!$B$3:$K$12,($A44+1)+-1,(G$43+1)+0)+INDEX(Kernels!$B$13:$D$15,1,3)*INDEX(Datos!$B$3:$K$12,($A44+1)+-1,(G$43+1)+1)+INDEX(Kernels!$B$13:$D$15,2,1)*INDEX(Datos!$B$3:$K$12,($A44+1)+0,(G$43+1)+-1)+INDEX(Kernels!$B$13:$D$15,2,2)*INDEX(Datos!$B$3:$K$12,($A44+1)+0,(G$43+1)+0)+INDEX(Kernels!$B$13:$D$15,2,3)*INDEX(Datos!$B$3:$K$12,($A44+1)+0,(G$43+1)+1)+INDEX(Kernels!$B$13:$D$15,3,1)*INDEX(Datos!$B$3:$K$12,($A44+1)+1,(G$43+1)+-1)+INDEX(Kernels!$B$13:$D$15,3,2)*INDEX(Datos!$B$3:$K$12,($A44+1)+1,(G$43+1)+0)+INDEX(Kernels!$B$13:$D$15,3,3)*INDEX(Datos!$B$3:$K$12,($A44+1)+1,(G$43+1)+1)),"") | H44: =IF(AND($A44>=1,$A44<=8,H$43>=1,H$43<=8),ABS(INDEX(Kernels!$B$13:$D$15,1,1)*INDEX(Datos!$B$3:$K$12,($A44+1)+-1,(H$43+1)+-1)+INDEX(Kernels!$B$13:$D$15,1,2)*INDEX(Datos!$B$3:$K$12,($A44+1)+-1,(H$43+1)+0)+INDEX(Kernels!$B$13:$D$15,1,3)*INDEX(Datos!$B$3:$K$12,($A44+1)+-1,(H$43+1)+1)+INDEX(Kernels!$B$13:$D$15,2,1)*INDEX(Datos!$B$3:$K$12,($A44+1)+0,(H$43+1)+-1)+INDEX(Kernels!$B$13:$D$15,2,2)*INDEX(Datos!$B$3:$K$12,($A44+1)+0,(H$43+1)+0)+INDEX(Kernels!$B$13:$D$15,2,3)*INDEX(Datos!$B$3:$K$12,($A44+1)+0,(H$43+1)+1)+INDEX(Kernels!$B$13:$D$15,3,1)*INDEX(Datos!$B$3:$K$12,($A44+1)+1,(H$43+1)+-1)+INDEX(Kernels!$B$13:$D$15,3,2)*INDEX(Datos!$B$3:$K$12,($A44+1)+1,(H$43+1)+0)+INDEX(Kernels!$B$13:$D$15,3,3)*INDEX(Datos!$B$3:$K$12,($A44+1)+1,(H$43+1)+1)),"") | I44: =IF(AND($A44>=1,$A44<=8,I$43>=1,I$43<=8),ABS(INDEX(Kernels!$B$13:$D$15,1,1)*INDEX(Datos!$B$3:$K$12,($A44+1)+-1,(I$43+1)+-1)+INDEX(Kernels!$B$13:$D$15,1,2)*INDEX(Datos!$B$3:$K$12,($A44+1)+-1,(I$43+1)+0)+INDEX(Kernels!$B$13:$D$15,1,3)*INDEX(Datos!$B$3:$K$12,($A44+1)+-1,(I$43+1)+1)+INDEX(Kernels!$B$13:$D$15,2,1)*INDEX(Datos!$B$3:$K$12,($A44+1)+0,(I$43+1)+-1)+INDEX(Kernels!$B$13:$D$15,2,2)*INDEX(Datos!$B$3:$K$12,($A44+1)+0,(I$43+1)+0)+INDEX(Kernels!$B$13:$D$15,2,3)*INDEX(Datos!$B$3:$K$12,($A44+1)+0,(I$43+1)+1)+INDEX(Kernels!$B$13:$D$15,3,1)*INDEX(Datos!$B$3:$K$12,($A44+1)+1,(I$43+1)+-1)+INDEX(Kernels!$B$13:$D$15,3,2)*INDEX(Datos!$B$3:$K$12,($A44+1)+1,(I$43+1)+0)+INDEX(Kernels!$B$13:$D$15,3,3)*INDEX(Datos!$B$3:$K$12,($A44+1)+1,(I$43+1)+1)),"") | ... K44: =IF(AND($A44>=1,$A44<=8,K$43>=1,K$43<=8),ABS(INDEX(Kernels!$B$13:$D$15,1,1)*INDEX(Datos!$B$3:$K$12,($A44+1)+-1,(K$43+1)+-1)+INDEX(Kernels!$B$13:$D$15,1,2)*INDEX(Datos!$B$3:$K$12,($A44+1)+-1,(K$43+1)+0)+INDEX(Kernels!$B$13:$D$15,1,3)*INDEX(Datos!$B$3:$K$12,($A44+1)+-1,(K$43+1)+1)+INDEX(Kernels!$B$13:$D$15,2,1)*INDEX(Datos!$B$3:$K$12,($A44+1)+0,(K$43+1)+-1)+INDEX(Kernels!$B$13:$D$15,2,2)*INDEX(Datos!$B$3:$K$12,($A44+1)+0,(K$43+1)+0)+INDEX(Kernels!$B$13:$D$15,2,3)*INDEX(Datos!$B$3:$K$12,($A44+1)+0,(K$43+1)+1)+INDEX(Kernels!$B$13:$D$15,3,1)*INDEX(Datos!$B$3:$K$12,($A44+1)+1,(K$43+1)+-1)+INDEX(Kernels!$B$13:$D$15,3,2)*INDEX(Datos!$B$3:$K$12,($A44+1)+1,(K$43+1)+0)+INDEX(Kernels!$B$13:$D$15,3,3)*INDEX(Datos!$B$3:$K$12,($A44+1)+1,(K$43+1)+1)),"")
A45: 1 | B45: =IF(AND($A45>=1,$A45<=8,B$43>=1,B$43<=8),ABS(INDEX(Kernels!$B$13:$D$15,1,1)*INDEX(Datos!$B$3:$K$12,($A45+1)+-1,(B$43+1)+-1)+INDEX(Kernels!$B$13:$D$15,1,2)*INDEX(Datos!$B$3:$K$12,($A45+1)+-1,(B$43+1)+0)+INDEX(Kernels!$B$13:$D$15,1,3)*INDEX(Datos!$B$3:$K$12,($A45+1)+-1,(B$43+1)+1)+INDEX(Kernels!$B$13:$D$15,2,1)*INDEX(Datos!$B$3:$K$12,($A45+1)+0,(B$43+1)+-1)+INDEX(Kernels!$B$13:$D$15,2,2)*INDEX(Datos!$B$3:$K$12,($A45+1)+0,(B$43+1)+0)+INDEX(Kernels!$B$13:$D$15,2,3)*INDEX(Datos!$B$3:$K$12,($A45+1)+0,(B$43+1)+1)+INDEX(Kernels!$B$13:$D$15,3,1)*INDEX(Datos!$B$3:$K$12,($A45+1)+1,(B$43+1)+-1)+INDEX(Kernels!$B$13:$D$15,3,2)*INDEX(Datos!$B$3:$K$12,($A45+1)+1,(B$43+1)+0)+INDEX(Kernels!$B$13:$D$15,3,3)*INDEX(Datos!$B$3:$K$12,($A45+1)+1,(B$43+1)+1)),"") | C45: =IF(AND($A45>=1,$A45<=8,C$43>=1,C$43<=8),ABS(INDEX(Kernels!$B$13:$D$15,1,1)*INDEX(Datos!$B$3:$K$12,($A45+1)+-1,(C$43+1)+-1)+INDEX(Kernels!$B$13:$D$15,1,2)*INDEX(Datos!$B$3:$K$12,($A45+1)+-1,(C$43+1)+0)+INDEX(Kernels!$B$13:$D$15,1,3)*INDEX(Datos!$B$3:$K$12,($A45+1)+-1,(C$43+1)+1)+INDEX(Kernels!$B$13:$D$15,2,1)*INDEX(Datos!$B$3:$K$12,($A45+1)+0,(C$43+1)+-1)+INDEX(Kernels!$B$13:$D$15,2,2)*INDEX(Datos!$B$3:$K$12,($A45+1)+0,(C$43+1)+0)+INDEX(Kernels!$B$13:$D$15,2,3)*INDEX(Datos!$B$3:$K$12,($A45+1)+0,(C$43+1)+1)+INDEX(Kernels!$B$13:$D$15,3,1)*INDEX(Datos!$B$3:$K$12,($A45+1)+1,(C$43+1)+-1)+INDEX(Kernels!$B$13:$D$15,3,2)*INDEX(Datos!$B$3:$K$12,($A45+1)+1,(C$43+1)+0)+INDEX(Kernels!$B$13:$D$15,3,3)*INDEX(Datos!$B$3:$K$12,($A45+1)+1,(C$43+1)+1)),"") -> 18 | D45: =IF(AND($A45>=1,$A45<=8,D$43>=1,D$43<=8),ABS(INDEX(Kernels!$B$13:$D$15,1,1)*INDEX(Datos!$B$3:$K$12,($A45+1)+-1,(D$43+1)+-1)+INDEX(Kernels!$B$13:$D$15,1,2)*INDEX(Datos!$B$3:$K$12,($A45+1)+-1,(D$43+1)+0)+INDEX(Kernels!$B$13:$D$15,1,3)*INDEX(Datos!$B$3:$K$12,($A45+1)+-1,(D$43+1)+1)+INDEX(Kernels!$B$13:$D$15,2,1)*INDEX(Datos!$B$3:$K$12,($A45+1)+0,(D$43+1)+-1)+INDEX(Kernels!$B$13:$D$15,2,2)*INDEX(Datos!$B$3:$K$12,($A45+1)+0,(D$43+1)+0)+INDEX(Kernels!$B$13:$D$15,2,3)*INDEX(Datos!$B$3:$K$12,($A45+1)+0,(D$43+1)+1)+INDEX(Kernels!$B$13:$D$15,3,1)*INDEX(Datos!$B$3:$K$12,($A45+1)+1,(D$43+1)+-1)+INDEX(Kernels!$B$13:$D$15,3,2)*INDEX(Datos!$B$3:$K$12,($A45+1)+1,(D$43+1)+0)+INDEX(Kernels!$B$13:$D$15,3,3)*INDEX(Datos!$B$3:$K$12,($A45+1)+1,(D$43+1)+1)),"") -> 13 | E45: =IF(AND($A45>=1,$A45<=8,E$43>=1,E$43<=8),ABS(INDEX(Kernels!$B$13:$D$15,1,1)*INDEX(Datos!$B$3:$K$12,($A45+1)+-1,(E$43+1)+-1)+INDEX(Kernels!$B$13:$D$15,1,2)*INDEX(Datos!$B$3:$K$12,($A45+1)+-1,(E$43+1)+0)+INDEX(Kernels!$B$13:$D$15,1,3)*INDEX(Datos!$B$3:$K$12,($A45+1)+-1,(E$43+1)+1)+INDEX(Kernels!$B$13:$D$15,2,1)*INDEX(Datos!$B$3:$K$12,($A45+1)+0,(E$43+1)+-1)+INDEX(Kernels!$B$13:$D$15,2,2)*INDEX(Datos!$B$3:$K$12,($A45+1)+0,(E$43+1)+0)+INDEX(Kernels!$B$13:$D$15,2,3)*INDEX(Datos!$B$3:$K$12,($A45+1)+0,(E$43+1)+1)+INDEX(Kernels!$B$13:$D$15,3,1)*INDEX(Datos!$B$3:$K$12,($A45+1)+1,(E$43+1)+-1)+INDEX(Kernels!$B$13:$D$15,3,2)*INDEX(Datos!$B$3:$K$12,($A45+1)+1,(E$43+1)+0)+INDEX(Kernels!$B$13:$D$15,3,3)*INDEX(Datos!$B$3:$K$12,($A45+1)+1,(E$43+1)+1)),"") -> 80 | F45: =IF(AND($A45>=1,$A45<=8,F$43>=1,F$43<=8),ABS(INDEX(Kernels!$B$13:$D$15,1,1)*INDEX(Datos!$B$3:$K$12,($A45+1)+-1,(F$43+1)+-1)+INDEX(Kernels!$B$13:$D$15,1,2)*INDEX(Datos!$B$3:$K$12,($A45+1)+-1,(F$43+1)+0)+INDEX(Kernels!$B$13:$D$15,1,3)*INDEX(Datos!$B$3:$K$12,($A45+1)+-1,(F$43+1)+1)+INDEX(Kernels!$B$13:$D$15,2,1)*INDEX(Datos!$B$3:$K$12,($A45+1)+0,(F$43+1)+-1)+INDEX(Kernels!$B$13:$D$15,2,2)*INDEX(Datos!$B$3:$K$12,($A45+1)+0,(F$43+1)+0)+INDEX(Kernels!$B$13:$D$15,2,3)*INDEX(Datos!$B$3:$K$12,($A45+1)+0,(F$43+1)+1)+INDEX(Kernels!$B$13:$D$15,3,1)*INDEX(Datos!$B$3:$K$12,($A45+1)+1,(F$43+1)+-1)+INDEX(Kernels!$B$13:$D$15,3,2)*INDEX(Datos!$B$3:$K$12,($A45+1)+1,(F$43+1)+0)+INDEX(Kernels!$B$13:$D$15,3,3)*INDEX(Datos!$B$3:$K$12,($A45+1)+1,(F$43+1)+1)),"") -> 93 | G45: =IF(AND($A45>=1,$A45<=8,G$43>=1,G$43<=8),ABS(INDEX(Kernels!$B$13:$D$15,1,1)*INDEX(Datos!$B$3:$K$12,($A45+1)+-1,(G$43+1)+-1)+INDEX(Kernels!$B$13:$D$15,1,2)*INDEX(Datos!$B$3:$K$12,($A45+1)+-1,(G$43+1)+0)+INDEX(Kernels!$B$13:$D$15,1,3)*INDEX(Datos!$B$3:$K$12,($A45+1)+-1,(G$43+1)+1)+INDEX(Kernels!$B$13:$D$15,2,1)*INDEX(Datos!$B$3:$K$12,($A45+1)+0,(G$43+1)+-1)+INDEX(Kernels!$B$13:$D$15,2,2)*INDEX(Datos!$B$3:$K$12,($A45+1)+0,(G$43+1)+0)+INDEX(Kernels!$B$13:$D$15,2,3)*INDEX(Datos!$B$3:$K$12,($A45+1)+0,(G$43+1)+1)+INDEX(Kernels!$B$13:$D$15,3,1)*INDEX(Datos!$B$3:$K$12,($A45+1)+1,(G$43+1)+-1)+INDEX(Kernels!$B$13:$D$15,3,2)*INDEX(Datos!$B$3:$K$12,($A45+1)+1,(G$43+1)+0)+INDEX(Kernels!$B$13:$D$15,3,3)*INDEX(Datos!$B$3:$K$12,($A45+1)+1,(G$43+1)+1)),"") -> 69 | H45: =IF(AND($A45>=1,$A45<=8,H$43>=1,H$43<=8),ABS(INDEX(Kernels!$B$13:$D$15,1,1)*INDEX(Datos!$B$3:$K$12,($A45+1)+-1,(H$43+1)+-1)+INDEX(Kernels!$B$13:$D$15,1,2)*INDEX(Datos!$B$3:$K$12,($A45+1)+-1,(H$43+1)+0)+INDEX(Kernels!$B$13:$D$15,1,3)*INDEX(Datos!$B$3:$K$12,($A45+1)+-1,(H$43+1)+1)+INDEX(Kernels!$B$13:$D$15,2,1)*INDEX(Datos!$B$3:$K$12,($A45+1)+0,(H$43+1)+-1)+INDEX(Kernels!$B$13:$D$15,2,2)*INDEX(Datos!$B$3:$K$12,($A45+1)+0,(H$43+1)+0)+INDEX(Kernels!$B$13:$D$15,2,3)*INDEX(Datos!$B$3:$K$12,($A45+1)+0,(H$43+1)+1)+INDEX(Kernels!$B$13:$D$15,3,1)*INDEX(Datos!$B$3:$K$12,($A45+1)+1,(H$43+1)+-1)+INDEX(Kernels!$B$13:$D$15,3,2)*INDEX(Datos!$B$3:$K$12,($A45+1)+1,(H$43+1)+0)+INDEX(Kernels!$B$13:$D$15,3,3)*INDEX(Datos!$B$3:$K$12,($A45+1)+1,(H$43+1)+1)),"") -> 30 | I45: =IF(AND($A45>=1,$A45<=8,I$43>=1,I$43<=8),ABS(INDEX(Kernels!$B$13:$D$15,1,1)*INDEX(Datos!$B$3:$K$12,($A45+1)+-1,(I$43+1)+-1)+INDEX(Kernels!$B$13:$D$15,1,2)*INDEX(Datos!$B$3:$K$12,($A45+1)+-1,(I$43+1)+0)+INDEX(Kernels!$B$13:$D$15,1,3)*INDEX(Datos!$B$3:$K$12,($A45+1)+-1,(I$43+1)+1)+INDEX(Kernels!$B$13:$D$15,2,1)*INDEX(Datos!$B$3:$K$12,($A45+1)+0,(I$43+1)+-1)+INDEX(Kernels!$B$13:$D$15,2,2)*INDEX(Datos!$B$3:$K$12,($A45+1)+0,(I$43+1)+0)+INDEX(Kernels!$B$13:$D$15,2,3)*INDEX(Datos!$B$3:$K$12,($A45+1)+0,(I$43+1)+1)+INDEX(Kernels!$B$13:$D$15,3,1)*INDEX(Datos!$B$3:$K$12,($A45+1)+1,(I$43+1)+-1)+INDEX(Kernels!$B$13:$D$15,3,2)*INDEX(Datos!$B$3:$K$12,($A45+1)+1,(I$43+1)+0)+INDEX(Kernels!$B$13:$D$15,3,3)*INDEX(Datos!$B$3:$K$12,($A45+1)+1,(I$43+1)+1)),"") -> 50 | ... K45: =IF(AND($A45>=1,$A45<=8,K$43>=1,K$43<=8),ABS(INDEX(Kernels!$B$13:$D$15,1,1)*INDEX(Datos!$B$3:$K$12,($A45+1)+-1,(K$43+1)+-1)+INDEX(Kernels!$B$13:$D$15,1,2)*INDEX(Datos!$B$3:$K$12,($A45+1)+-1,(K$43+1)+0)+INDEX(Kernels!$B$13:$D$15,1,3)*INDEX(Datos!$B$3:$K$12,($A45+1)+-1,(K$43+1)+1)+INDEX(Kernels!$B$13:$D$15,2,1)*INDEX(Datos!$B$3:$K$12,($A45+1)+0,(K$43+1)+-1)+INDEX(Kernels!$B$13:$D$15,2,2)*INDEX(Datos!$B$3:$K$12,($A45+1)+0,(K$43+1)+0)+INDEX(Kernels!$B$13:$D$15,2,3)*INDEX(Datos!$B$3:$K$12,($A45+1)+0,(K$43+1)+1)+INDEX(Kernels!$B$13:$D$15,3,1)*INDEX(Datos!$B$3:$K$12,($A45+1)+1,(K$43+1)+-1)+INDEX(Kernels!$B$13:$D$15,3,2)*INDEX(Datos!$B$3:$K$12,($A45+1)+1,(K$43+1)+0)+INDEX(Kernels!$B$13:$D$15,3,3)*INDEX(Datos!$B$3:$K$12,($A45+1)+1,(K$43+1)+1)),"")
A46: 2 | B46: =IF(AND($A46>=1,$A46<=8,B$43>=1,B$43<=8),ABS(INDEX(Kernels!$B$13:$D$15,1,1)*INDEX(Datos!$B$3:$K$12,($A46+1)+-1,(B$43+1)+-1)+INDEX(Kernels!$B$13:$D$15,1,2)*INDEX(Datos!$B$3:$K$12,($A46+1)+-1,(B$43+1)+0)+INDEX(Kernels!$B$13:$D$15,1,3)*INDEX(Datos!$B$3:$K$12,($A46+1)+-1,(B$43+1)+1)+INDEX(Kernels!$B$13:$D$15,2,1)*INDEX(Datos!$B$3:$K$12,($A46+1)+0,(B$43+1)+-1)+INDEX(Kernels!$B$13:$D$15,2,2)*INDEX(Datos!$B$3:$K$12,($A46+1)+0,(B$43+1)+0)+INDEX(Kernels!$B$13:$D$15,2,3)*INDEX(Datos!$B$3:$K$12,($A46+1)+0,(B$43+1)+1)+INDEX(Kernels!$B$13:$D$15,3,1)*INDEX(Datos!$B$3:$K$12,($A46+1)+1,(B$43+1)+-1)+INDEX(Kernels!$B$13:$D$15,3,2)*INDEX(Datos!$B$3:$K$12,($A46+1)+1,(B$43+1)+0)+INDEX(Kernels!$B$13:$D$15,3,3)*INDEX(Datos!$B$3:$K$12,($A46+1)+1,(B$43+1)+1)),"") | C46: =IF(AND($A46>=1,$A46<=8,C$43>=1,C$43<=8),ABS(INDEX(Kernels!$B$13:$D$15,1,1)*INDEX(Datos!$B$3:$K$12,($A46+1)+-1,(C$43+1)+-1)+INDEX(Kernels!$B$13:$D$15,1,2)*INDEX(Datos!$B$3:$K$12,($A46+1)+-1,(C$43+1)+0)+INDEX(Kernels!$B$13:$D$15,1,3)*INDEX(Datos!$B$3:$K$12,($A46+1)+-1,(C$43+1)+1)+INDEX(Kernels!$B$13:$D$15,2,1)*INDEX(Datos!$B$3:$K$12,($A46+1)+0,(C$43+1)+-1)+INDEX(Kernels!$B$13:$D$15,2,2)*INDEX(Datos!$B$3:$K$12,($A46+1)+0,(C$43+1)+0)+INDEX(Kernels!$B$13:$D$15,2,3)*INDEX(Datos!$B$3:$K$12,($A46+1)+0,(C$43+1)+1)+INDEX(Kernels!$B$13:$D$15,3,1)*INDEX(Datos!$B$3:$K$12,($A46+1)+1,(C$43+1)+-1)+INDEX(Kernels!$B$13:$D$15,3,2)*INDEX(Datos!$B$3:$K$12,($A46+1)+1,(C$43+1)+0)+INDEX(Kernels!$B$13:$D$15,3,3)*INDEX(Datos!$B$3:$K$12,($A46+1)+1,(C$43+1)+1)),"") -> 34 | D46: =IF(AND($A46>=1,$A46<=8,D$43>=1,D$43<=8),ABS(INDEX(Kernels!$B$13:$D$15,1,1)*INDEX(Datos!$B$3:$K$12,($A46+1)+-1,(D$43+1)+-1)+INDEX(Kernels!$B$13:$D$15,1,2)*INDEX(Datos!$B$3:$K$12,($A46+1)+-1,(D$43+1)+0)+INDEX(Kernels!$B$13:$D$15,1,3)*INDEX(Datos!$B$3:$K$12,($A46+1)+-1,(D$43+1)+1)+INDEX(Kernels!$B$13:$D$15,2,1)*INDEX(Datos!$B$3:$K$12,($A46+1)+0,(D$43+1)+-1)+INDEX(Kernels!$B$13:$D$15,2,2)*INDEX(Datos!$B$3:$K$12,($A46+1)+0,(D$43+1)+0)+INDEX(Kernels!$B$13:$D$15,2,3)*INDEX(Datos!$B$3:$K$12,($A46+1)+0,(D$43+1)+1)+INDEX(Kernels!$B$13:$D$15,3,1)*INDEX(Datos!$B$3:$K$12,($A46+1)+1,(D$43+1)+-1)+INDEX(Kernels!$B$13:$D$15,3,2)*INDEX(Datos!$B$3:$K$12,($A46+1)+1,(D$43+1)+0)+INDEX(Kernels!$B$13:$D$15,3,3)*INDEX(Datos!$B$3:$K$12,($A46+1)+1,(D$43+1)+1)),"") -> 56 | E46: =IF(AND($A46>=1,$A46<=8,E$43>=1,E$43<=8),ABS(INDEX(Kernels!$B$13:$D$15,1,1)*INDEX(Datos!$B$3:$K$12,($A46+1)+-1,(E$43+1)+-1)+INDEX(Kernels!$B$13:$D$15,1,2)*INDEX(Datos!$B$3:$K$12,($A46+1)+-1,(E$43+1)+0)+INDEX(Kernels!$B$13:$D$15,1,3)*INDEX(Datos!$B$3:$K$12,($A46+1)+-1,(E$43+1)+1)+INDEX(Kernels!$B$13:$D$15,2,1)*INDEX(Datos!$B$3:$K$12,($A46+1)+0,(E$43+1)+-1)+INDEX(Kernels!$B$13:$D$15,2,2)*INDEX(Datos!$B$3:$K$12,($A46+1)+0,(E$43+1)+0)+INDEX(Kernels!$B$13:$D$15,2,3)*INDEX(Datos!$B$3:$K$12,($A46+1)+0,(E$43+1)+1)+INDEX(Kernels!$B$13:$D$15,3,1)*INDEX(Datos!$B$3:$K$12,($A46+1)+1,(E$43+1)+-1)+INDEX(Kernels!$B$13:$D$15,3,2)*INDEX(Datos!$B$3:$K$12,($A46+1)+1,(E$43+1)+0)+INDEX(Kernels!$B$13:$D$15,3,3)*INDEX(Datos!$B$3:$K$12,($A46+1)+1,(E$43+1)+1)),"") -> 122 | F46: =IF(AND($A46>=1,$A46<=8,F$43>=1,F$43<=8),ABS(INDEX(Kernels!$B$13:$D$15,1,1)*INDEX(Datos!$B$3:$K$12,($A46+1)+-1,(F$43+1)+-1)+INDEX(Kernels!$B$13:$D$15,1,2)*INDEX(Datos!$B$3:$K$12,($A46+1)+-1,(F$43+1)+0)+INDEX(Kernels!$B$13:$D$15,1,3)*INDEX(Datos!$B$3:$K$12,($A46+1)+-1,(F$43+1)+1)+INDEX(Kernels!$B$13:$D$15,2,1)*INDEX(Datos!$B$3:$K$12,($A46+1)+0,(F$43+1)+-1)+INDEX(Kernels!$B$13:$D$15,2,2)*INDEX(Datos!$B$3:$K$12,($A46+1)+0,(F$43+1)+0)+INDEX(Kernels!$B$13:$D$15,2,3)*INDEX(Datos!$B$3:$K$12,($A46+1)+0,(F$43+1)+1)+INDEX(Kernels!$B$13:$D$15,3,1)*INDEX(Datos!$B$3:$K$12,($A46+1)+1,(F$43+1)+-1)+INDEX(Kernels!$B$13:$D$15,3,2)*INDEX(Datos!$B$3:$K$12,($A46+1)+1,(F$43+1)+0)+INDEX(Kernels!$B$13:$D$15,3,3)*INDEX(Datos!$B$3:$K$12,($A46+1)+1,(F$43+1)+1)),"") -> 118 | G46: =IF(AND($A46>=1,$A46<=8,G$43>=1,G$43<=8),ABS(INDEX(Kernels!$B$13:$D$15,1,1)*INDEX(Datos!$B$3:$K$12,($A46+1)+-1,(G$43+1)+-1)+INDEX(Kernels!$B$13:$D$15,1,2)*INDEX(Datos!$B$3:$K$12,($A46+1)+-1,(G$43+1)+0)+INDEX(Kernels!$B$13:$D$15,1,3)*INDEX(Datos!$B$3:$K$12,($A46+1)+-1,(G$43+1)+1)+INDEX(Kernels!$B$13:$D$15,2,1)*INDEX(Datos!$B$3:$K$12,($A46+1)+0,(G$43+1)+-1)+INDEX(Kernels!$B$13:$D$15,2,2)*INDEX(Datos!$B$3:$K$12,($A46+1)+0,(G$43+1)+0)+INDEX(Kernels!$B$13:$D$15,2,3)*INDEX(Datos!$B$3:$K$12,($A46+1)+0,(G$43+1)+1)+INDEX(Kernels!$B$13:$D$15,3,1)*INDEX(Datos!$B$3:$K$12,($A46+1)+1,(G$43+1)+-1)+INDEX(Kernels!$B$13:$D$15,3,2)*INDEX(Datos!$B$3:$K$12,($A46+1)+1,(G$43+1)+0)+INDEX(Kernels!$B$13:$D$15,3,3)*INDEX(Datos!$B$3:$K$12,($A46+1)+1,(G$43+1)+1)),"") -> 64 | H46: =IF(AND($A46>=1,$A46<=8,H$43>=1,H$43<=8),ABS(INDEX(Kernels!$B$13:$D$15,1,1)*INDEX(Datos!$B$3:$K$12,($A46+1)+-1,(H$43+1)+-1)+INDEX(Kernels!$B$13:$D$15,1,2)*INDEX(Datos!$B$3:$K$12,($A46+1)+-1,(H$43+1)+0)+INDEX(Kernels!$B$13:$D$15,1,3)*INDEX(Datos!$B$3:$K$12,($A46+1)+-1,(H$43+1)+1)+INDEX(Kernels!$B$13:$D$15,2,1)*INDEX(Datos!$B$3:$K$12,($A46+1)+0,(H$43+1)+-1)+INDEX(Kernels!$B$13:$D$15,2,2)*INDEX(Datos!$B$3:$K$12,($A46+1)+0,(H$43+1)+0)+INDEX(Kernels!$B$13:$D$15,2,3)*INDEX(Datos!$B$3:$K$12,($A46+1)+0,(H$43+1)+1)+INDEX(Kernels!$B$13:$D$15,3,1)*INDEX(Datos!$B$3:$K$12,($A46+1)+1,(H$43+1)+-1)+INDEX(Kernels!$B$13:$D$15,3,2)*INDEX(Datos!$B$3:$K$12,($A46+1)+1,(H$43+1)+0)+INDEX(Kernels!$B$13:$D$15,3,3)*INDEX(Datos!$B$3:$K$12,($A46+1)+1,(H$43+1)+1)),"") -> 171 | I46: =IF(AND($A46>=1,$A46<=8,I$43>=1,I$43<=8),ABS(INDEX(Kernels!$B$13:$D$15,1,1)*INDEX(Datos!$B$3:$K$12,($A46+1)+-1,(I$43+1)+-1)+INDEX(Kernels!$B$13:$D$15,1,2)*INDEX(Datos!$B$3:$K$12,($A46+1)+-1,(I$43+1)+0)+INDEX(Kernels!$B$13:$D$15,1,3)*INDEX(Datos!$B$3:$K$12,($A46+1)+-1,(I$43+1)+1)+INDEX(Kernels!$B$13:$D$15,2,1)*INDEX(Datos!$B$3:$K$12,($A46+1)+0,(I$43+1)+-1)+INDEX(Kernels!$B$13:$D$15,2,2)*INDEX(Datos!$B$3:$K$12,($A46+1)+0,(I$43+1)+0)+INDEX(Kernels!$B$13:$D$15,2,3)*INDEX(Datos!$B$3:$K$12,($A46+1)+0,(I$43+1)+1)+INDEX(Kernels!$B$13:$D$15,3,1)*INDEX(Datos!$B$3:$K$12,($A46+1)+1,(I$43+1)+-1)+INDEX(Kernels!$B$13:$D$15,3,2)*INDEX(Datos!$B$3:$K$12,($A46+1)+1,(I$43+1)+0)+INDEX(Kernels!$B$13:$D$15,3,3)*INDEX(Datos!$B$3:$K$12,($A46+1)+1,(I$43+1)+1)),"") -> 18 | ... K46: =IF(AND($A46>=1,$A46<=8,K$43>=1,K$43<=8),ABS(INDEX(Kernels!$B$13:$D$15,1,1)*INDEX(Datos!$B$3:$K$12,($A46+1)+-1,(K$43+1)+-1)+INDEX(Kernels!$B$13:$D$15,1,2)*INDEX(Datos!$B$3:$K$12,($A46+1)+-1,(K$43+1)+0)+INDEX(Kernels!$B$13:$D$15,1,3)*INDEX(Datos!$B$3:$K$12,($A46+1)+-1,(K$43+1)+1)+INDEX(Kernels!$B$13:$D$15,2,1)*INDEX(Datos!$B$3:$K$12,($A46+1)+0,(K$43+1)+-1)+INDEX(Kernels!$B$13:$D$15,2,2)*INDEX(Datos!$B$3:$K$12,($A46+1)+0,(K$43+1)+0)+INDEX(Kernels!$B$13:$D$15,2,3)*INDEX(Datos!$B$3:$K$12,($A46+1)+0,(K$43+1)+1)+INDEX(Kernels!$B$13:$D$15,3,1)*INDEX(Datos!$B$3:$K$12,($A46+1)+1,(K$43+1)+-1)+INDEX(Kernels!$B$13:$D$15,3,2)*INDEX(Datos!$B$3:$K$12,($A46+1)+1,(K$43+1)+0)+INDEX(Kernels!$B$13:$D$15,3,3)*INDEX(Datos!$B$3:$K$12,($A46+1)+1,(K$43+1)+1)),"")
A47: 3 | B47: =IF(AND($A47>=1,$A47<=8,B$43>=1,B$43<=8),ABS(INDEX(Kernels!$B$13:$D$15,1,1)*INDEX(Datos!$B$3:$K$12,($A47+1)+-1,(B$43+1)+-1)+INDEX(Kernels!$B$13:$D$15,1,2)*INDEX(Datos!$B$3:$K$12,($A47+1)+-1,(B$43+1)+0)+INDEX(Kernels!$B$13:$D$15,1,3)*INDEX(Datos!$B$3:$K$12,($A47+1)+-1,(B$43+1)+1)+INDEX(Kernels!$B$13:$D$15,2,1)*INDEX(Datos!$B$3:$K$12,($A47+1)+0,(B$43+1)+-1)+INDEX(Kernels!$B$13:$D$15,2,2)*INDEX(Datos!$B$3:$K$12,($A47+1)+0,(B$43+1)+0)+INDEX(Kernels!$B$13:$D$15,2,3)*INDEX(Datos!$B$3:$K$12,($A47+1)+0,(B$43+1)+1)+INDEX(Kernels!$B$13:$D$15,3,1)*INDEX(Datos!$B$3:$K$12,($A47+1)+1,(B$43+1)+-1)+INDEX(Kernels!$B$13:$D$15,3,2)*INDEX(Datos!$B$3:$K$12,($A47+1)+1,(B$43+1)+0)+INDEX(Kernels!$B$13:$D$15,3,3)*INDEX(Datos!$B$3:$K$12,($A47+1)+1,(B$43+1)+1)),"") | C47: =IF(AND($A47>=1,$A47<=8,C$43>=1,C$43<=8),ABS(INDEX(Kernels!$B$13:$D$15,1,1)*INDEX(Datos!$B$3:$K$12,($A47+1)+-1,(C$43+1)+-1)+INDEX(Kernels!$B$13:$D$15,1,2)*INDEX(Datos!$B$3:$K$12,($A47+1)+-1,(C$43+1)+0)+INDEX(Kernels!$B$13:$D$15,1,3)*INDEX(Datos!$B$3:$K$12,($A47+1)+-1,(C$43+1)+1)+INDEX(Kernels!$B$13:$D$15,2,1)*INDEX(Datos!$B$3:$K$12,($A47+1)+0,(C$43+1)+-1)+INDEX(Kernels!$B$13:$D$15,2,2)*INDEX(Datos!$B$3:$K$12,($A47+1)+0,(C$43+1)+0)+INDEX(Kernels!$B$13:$D$15,2,3)*INDEX(Datos!$B$3:$K$12,($A47+1)+0,(C$43+1)+1)+INDEX(Kernels!$B$13:$D$15,3,1)*INDEX(Datos!$B$3:$K$12,($A47+1)+1,(C$43+1)+-1)+INDEX(Kernels!$B$13:$D$15,3,2)*INDEX(Datos!$B$3:$K$12,($A47+1)+1,(C$43+1)+0)+INDEX(Kernels!$B$13:$D$15,3,3)*INDEX(Datos!$B$3:$K$12,($A47+1)+1,(C$43+1)+1)),"") -> 17 | D47: =IF(AND($A47>=1,$A47<=8,D$43>=1,D$43<=8),ABS(INDEX(Kernels!$B$13:$D$15,1,1)*INDEX(Datos!$B$3:$K$12,($A47+1)+-1,(D$43+1)+-1)+INDEX(Kernels!$B$13:$D$15,1,2)*INDEX(Datos!$B$3:$K$12,($A47+1)+-1,(D$43+1)+0)+INDEX(Kernels!$B$13:$D$15,1,3)*INDEX(Datos!$B$3:$K$12,($A47+1)+-1,(D$43+1)+1)+INDEX(Kernels!$B$13:$D$15,2,1)*INDEX(Datos!$B$3:$K$12,($A47+1)+0,(D$43+1)+-1)+INDEX(Kernels!$B$13:$D$15,2,2)*INDEX(Datos!$B$3:$K$12,($A47+1)+0,(D$43+1)+0)+INDEX(Kernels!$B$13:$D$15,2,3)*INDEX(Datos!$B$3:$K$12,($A47+1)+0,(D$43+1)+1)+INDEX(Kernels!$B$13:$D$15,3,1)*INDEX(Datos!$B$3:$K$12,($A47+1)+1,(D$43+1)+-1)+INDEX(Kernels!$B$13:$D$15,3,2)*INDEX(Datos!$B$3:$K$12,($A47+1)+1,(D$43+1)+0)+INDEX(Kernels!$B$13:$D$15,3,3)*INDEX(Datos!$B$3:$K$12,($A47+1)+1,(D$43+1)+1)),"") -> 129 | E47: =IF(AND($A47>=1,$A47<=8,E$43>=1,E$43<=8),ABS(INDEX(Kernels!$B$13:$D$15,1,1)*INDEX(Datos!$B$3:$K$12,($A47+1)+-1,(E$43+1)+-1)+INDEX(Kernels!$B$13:$D$15,1,2)*INDEX(Datos!$B$3:$K$12,($A47+1)+-1,(E$43+1)+0)+INDEX(Kernels!$B$13:$D$15,1,3)*INDEX(Datos!$B$3:$K$12,($A47+1)+-1,(E$43+1)+1)+INDEX(Kernels!$B$13:$D$15,2,1)*INDEX(Datos!$B$3:$K$12,($A47+1)+0,(E$43+1)+-1)+INDEX(Kernels!$B$13:$D$15,2,2)*INDEX(Datos!$B$3:$K$12,($A47+1)+0,(E$43+1)+0)+INDEX(Kernels!$B$13:$D$15,2,3)*INDEX(Datos!$B$3:$K$12,($A47+1)+0,(E$43+1)+1)+INDEX(Kernels!$B$13:$D$15,3,1)*INDEX(Datos!$B$3:$K$12,($A47+1)+1,(E$43+1)+-1)+INDEX(Kernels!$B$13:$D$15,3,2)*INDEX(Datos!$B$3:$K$12,($A47+1)+1,(E$43+1)+0)+INDEX(Kernels!$B$13:$D$15,3,3)*INDEX(Datos!$B$3:$K$12,($A47+1)+1,(E$43+1)+1)),"") -> 118 | F47: =IF(AND($A47>=1,$A47<=8,F$43>=1,F$43<=8),ABS(INDEX(Kernels!$B$13:$D$15,1,1)*INDEX(Datos!$B$3:$K$12,($A47+1)+-1,(F$43+1)+-1)+INDEX(Kernels!$B$13:$D$15,1,2)*INDEX(Datos!$B$3:$K$12,($A47+1)+-1,(F$43+1)+0)+INDEX(Kernels!$B$13:$D$15,1,3)*INDEX(Datos!$B$3:$K$12,($A47+1)+-1,(F$43+1)+1)+INDEX(Kernels!$B$13:$D$15,2,1)*INDEX(Datos!$B$3:$K$12,($A47+1)+0,(F$43+1)+-1)+INDEX(Kernels!$B$13:$D$15,2,2)*INDEX(Datos!$B$3:$K$12,($A47+1)+0,(F$43+1)+0)+INDEX(Kernels!$B$13:$D$15,2,3)*INDEX(Datos!$B$3:$K$12,($A47+1)+0,(F$43+1)+1)+INDEX(Kernels!$B$13:$D$15,3,1)*INDEX(Datos!$B$3:$K$12,($A47+1)+1,(F$43+1)+-1)+INDEX(Kernels!$B$13:$D$15,3,2)*INDEX(Datos!$B$3:$K$12,($A47+1)+1,(F$43+1)+0)+INDEX(Kernels!$B$13:$D$15,3,3)*INDEX(Datos!$B$3:$K$12,($A47+1)+1,(F$43+1)+1)),"") -> 89 | G47: =IF(AND($A47>=1,$A47<=8,G$43>=1,G$43<=8),ABS(INDEX(Kernels!$B$13:$D$15,1,1)*INDEX(Datos!$B$3:$K$12,($A47+1)+-1,(G$43+1)+-1)+INDEX(Kernels!$B$13:$D$15,1,2)*INDEX(Datos!$B$3:$K$12,($A47+1)+-1,(G$43+1)+0)+INDEX(Kernels!$B$13:$D$15,1,3)*INDEX(Datos!$B$3:$K$12,($A47+1)+-1,(G$43+1)+1)+INDEX(Kernels!$B$13:$D$15,2,1)*INDEX(Datos!$B$3:$K$12,($A47+1)+0,(G$43+1)+-1)+INDEX(Kernels!$B$13:$D$15,2,2)*INDEX(Datos!$B$3:$K$12,($A47+1)+0,(G$43+1)+0)+INDEX(Kernels!$B$13:$D$15,2,3)*INDEX(Datos!$B$3:$K$12,($A47+1)+0,(G$43+1)+1)+INDEX(Kernels!$B$13:$D$15,3,1)*INDEX(Datos!$B$3:$K$12,($A47+1)+1,(G$43+1)+-1)+INDEX(Kernels!$B$13:$D$15,3,2)*INDEX(Datos!$B$3:$K$12,($A47+1)+1,(G$43+1)+0)+INDEX(Kernels!$B$13:$D$15,3,3)*INDEX(Datos!$B$3:$K$12,($A47+1)+1,(G$43+1)+1)),"") -> 146 | H47: =IF(AND($A47>=1,$A47<=8,H$43>=1,H$43<=8),ABS(INDEX(Kernels!$B$13:$D$15,1,1)*INDEX(Datos!$B$3:$K$12,($A47+1)+-1,(H$43+1)+-1)+INDEX(Kernels!$B$13:$D$15,1,2)*INDEX(Datos!$B$3:$K$12,($A47+1)+-1,(H$43+1)+0)+INDEX(Kernels!$B$13:$D$15,1,3)*INDEX(Datos!$B$3:$K$12,($A47+1)+-1,(H$43+1)+1)+INDEX(Kernels!$B$13:$D$15,2,1)*INDEX(Datos!$B$3:$K$12,($A47+1)+0,(H$43+1)+-1)+INDEX(Kernels!$B$13:$D$15,2,2)*INDEX(Datos!$B$3:$K$12,($A47+1)+0,(H$43+1)+0)+INDEX(Kernels!$B$13:$D$15,2,3)*INDEX(Datos!$B$3:$K$12,($A47+1)+0,(H$43+1)+1)+INDEX(Kernels!$B$13:$D$15,3,1)*INDEX(Datos!$B$3:$K$12,($A47+1)+1,(H$43+1)+-1)+INDEX(Kernels!$B$13:$D$15,3,2)*INDEX(Datos!$B$3:$K$12,($A47+1)+1,(H$43+1)+0)+INDEX(Kernels!$B$13:$D$15,3,3)*INDEX(Datos!$B$3:$K$12,($A47+1)+1,(H$43+1)+1)),"") -> 210 | I47: =IF(AND($A47>=1,$A47<=8,I$43>=1,I$43<=8),ABS(INDEX(Kernels!$B$13:$D$15,1,1)*INDEX(Datos!$B$3:$K$12,($A47+1)+-1,(I$43+1)+-1)+INDEX(Kernels!$B$13:$D$15,1,2)*INDEX(Datos!$B$3:$K$12,($A47+1)+-1,(I$43+1)+0)+INDEX(Kernels!$B$13:$D$15,1,3)*INDEX(Datos!$B$3:$K$12,($A47+1)+-1,(I$43+1)+1)+INDEX(Kernels!$B$13:$D$15,2,1)*INDEX(Datos!$B$3:$K$12,($A47+1)+0,(I$43+1)+-1)+INDEX(Kernels!$B$13:$D$15,2,2)*INDEX(Datos!$B$3:$K$12,($A47+1)+0,(I$43+1)+0)+INDEX(Kernels!$B$13:$D$15,2,3)*INDEX(Datos!$B$3:$K$12,($A47+1)+0,(I$43+1)+1)+INDEX(Kernels!$B$13:$D$15,3,1)*INDEX(Datos!$B$3:$K$12,($A47+1)+1,(I$43+1)+-1)+INDEX(Kernels!$B$13:$D$15,3,2)*INDEX(Datos!$B$3:$K$12,($A47+1)+1,(I$43+1)+0)+INDEX(Kernels!$B$13:$D$15,3,3)*INDEX(Datos!$B$3:$K$12,($A47+1)+1,(I$43+1)+1)),"") -> 74 | ... K47: =IF(AND($A47>=1,$A47<=8,K$43>=1,K$43<=8),ABS(INDEX(Kernels!$B$13:$D$15,1,1)*INDEX(Datos!$B$3:$K$12,($A47+1)+-1,(K$43+1)+-1)+INDEX(Kernels!$B$13:$D$15,1,2)*INDEX(Datos!$B$3:$K$12,($A47+1)+-1,(K$43+1)+0)+INDEX(Kernels!$B$13:$D$15,1,3)*INDEX(Datos!$B$3:$K$12,($A47+1)+-1,(K$43+1)+1)+INDEX(Kernels!$B$13:$D$15,2,1)*INDEX(Datos!$B$3:$K$12,($A47+1)+0,(K$43+1)+-1)+INDEX(Kernels!$B$13:$D$15,2,2)*INDEX(Datos!$B$3:$K$12,($A47+1)+0,(K$43+1)+0)+INDEX(Kernels!$B$13:$D$15,2,3)*INDEX(Datos!$B$3:$K$12,($A47+1)+0,(K$43+1)+1)+INDEX(Kernels!$B$13:$D$15,3,1)*INDEX(Datos!$B$3:$K$12,($A47+1)+1,(K$43+1)+-1)+INDEX(Kernels!$B$13:$D$15,3,2)*INDEX(Datos!$B$3:$K$12,($A47+1)+1,(K$43+1)+0)+INDEX(Kernels!$B$13:$D$15,3,3)*INDEX(Datos!$B$3:$K$12,($A47+1)+1,(K$43+1)+1)),"")
A48: 4 | B48: =IF(AND($A48>=1,$A48<=8,B$43>=1,B$43<=8),ABS(INDEX(Kernels!$B$13:$D$15,1,1)*INDEX(Datos!$B$3:$K$12,($A48+1)+-1,(B$43+1)+-1)+INDEX(Kernels!$B$13:$D$15,1,2)*INDEX(Datos!$B$3:$K$12,($A48+1)+-1,(B$43+1)+0)+INDEX(Kernels!$B$13:$D$15,1,3)*INDEX(Datos!$B$3:$K$12,($A48+1)+-1,(B$43+1)+1)+INDEX(Kernels!$B$13:$D$15,2,1)*INDEX(Datos!$B$3:$K$12,($A48+1)+0,(B$43+1)+-1)+INDEX(Kernels!$B$13:$D$15,2,2)*INDEX(Datos!$B$3:$K$12,($A48+1)+0,(B$43+1)+0)+INDEX(Kernels!$B$13:$D$15,2,3)*INDEX(Datos!$B$3:$K$12,($A48+1)+0,(B$43+1)+1)+INDEX(Kernels!$B$13:$D$15,3,1)*INDEX(Datos!$B$3:$K$12,($A48+1)+1,(B$43+1)+-1)+INDEX(Kernels!$B$13:$D$15,3,2)*INDEX(Datos!$B$3:$K$12,($A48+1)+1,(B$43+1)+0)+INDEX(Kernels!$B$13:$D$15,3,3)*INDEX(Datos!$B$3:$K$12,($A48+1)+1,(B$43+1)+1)),"") | C48: =IF(AND($A48>=1,$A48<=8,C$43>=1,C$43<=8),ABS(INDEX(Kernels!$B$13:$D$15,1,1)*INDEX(Datos!$B$3:$K$12,($A48+1)+-1,(C$43+1)+-1)+INDEX(Kernels!$B$13:$D$15,1,2)*INDEX(Datos!$B$3:$K$12,($A48+1)+-1,(C$43+1)+0)+INDEX(Kernels!$B$13:$D$15,1,3)*INDEX(Datos!$B$3:$K$12,($A48+1)+-1,(C$43+1)+1)+INDEX(Kernels!$B$13:$D$15,2,1)*INDEX(Datos!$B$3:$K$12,($A48+1)+0,(C$43+1)+-1)+INDEX(Kernels!$B$13:$D$15,2,2)*INDEX(Datos!$B$3:$K$12,($A48+1)+0,(C$43+1)+0)+INDEX(Kernels!$B$13:$D$15,2,3)*INDEX(Datos!$B$3:$K$12,($A48+1)+0,(C$43+1)+1)+INDEX(Kernels!$B$13:$D$15,3,1)*INDEX(Datos!$B$3:$K$12,($A48+1)+1,(C$43+1)+-1)+INDEX(Kernels!$B$13:$D$15,3,2)*INDEX(Datos!$B$3:$K$12,($A48+1)+1,(C$43+1)+0)+INDEX(Kernels!$B$13:$D$15,3,3)*INDEX(Datos!$B$3:$K$12,($A48+1)+1,(C$43+1)+1)),"") -> 117 | D48: =IF(AND($A48>=1,$A48<=8,D$43>=1,D$43<=8),ABS(INDEX(Kernels!$B$13:$D$15,1,1)*INDEX(Datos!$B$3:$K$12,($A48+1)+-1,(D$43+1)+-1)+INDEX(Kernels!$B$13:$D$15,1,2)*INDEX(Datos!$B$3:$K$12,($A48+1)+-1,(D$43+1)+0)+INDEX(Kernels!$B$13:$D$15,1,3)*INDEX(Datos!$B$3:$K$12,($A48+1)+-1,(D$43+1)+1)+INDEX(Kernels!$B$13:$D$15,2,1)*INDEX(Datos!$B$3:$K$12,($A48+1)+0,(D$43+1)+-1)+INDEX(Kernels!$B$13:$D$15,2,2)*INDEX(Datos!$B$3:$K$12,($A48+1)+0,(D$43+1)+0)+INDEX(Kernels!$B$13:$D$15,2,3)*INDEX(Datos!$B$3:$K$12,($A48+1)+0,(D$43+1)+1)+INDEX(Kernels!$B$13:$D$15,3,1)*INDEX(Datos!$B$3:$K$12,($A48+1)+1,(D$43+1)+-1)+INDEX(Kernels!$B$13:$D$15,3,2)*INDEX(Datos!$B$3:$K$12,($A48+1)+1,(D$43+1)+0)+INDEX(Kernels!$B$13:$D$15,3,3)*INDEX(Datos!$B$3:$K$12,($A48+1)+1,(D$43+1)+1)),"") -> 160 | E48: =IF(AND($A48>=1,$A48<=8,E$43>=1,E$43<=8),ABS(INDEX(Kernels!$B$13:$D$15,1,1)*INDEX(Datos!$B$3:$K$12,($A48+1)+-1,(E$43+1)+-1)+INDEX(Kernels!$B$13:$D$15,1,2)*INDEX(Datos!$B$3:$K$12,($A48+1)+-1,(E$43+1)+0)+INDEX(Kernels!$B$13:$D$15,1,3)*INDEX(Datos!$B$3:$K$12,($A48+1)+-1,(E$43+1)+1)+INDEX(Kernels!$B$13:$D$15,2,1)*INDEX(Datos!$B$3:$K$12,($A48+1)+0,(E$43+1)+-1)+INDEX(Kernels!$B$13:$D$15,2,2)*INDEX(Datos!$B$3:$K$12,($A48+1)+0,(E$43+1)+0)+INDEX(Kernels!$B$13:$D$15,2,3)*INDEX(Datos!$B$3:$K$12,($A48+1)+0,(E$43+1)+1)+INDEX(Kernels!$B$13:$D$15,3,1)*INDEX(Datos!$B$3:$K$12,($A48+1)+1,(E$43+1)+-1)+INDEX(Kernels!$B$13:$D$15,3,2)*INDEX(Datos!$B$3:$K$12,($A48+1)+1,(E$43+1)+0)+INDEX(Kernels!$B$13:$D$15,3,3)*INDEX(Datos!$B$3:$K$12,($A48+1)+1,(E$43+1)+1)),"") -> 42 | F48: =IF(AND($A48>=1,$A48<=8,F$43>=1,F$43<=8),ABS(INDEX(Kernels!$B$13:$D$15,1,1)*INDEX(Datos!$B$3:$K$12,($A48+1)+-1,(F$43+1)+-1)+INDEX(Kernels!$B$13:$D$15,1,2)*INDEX(Datos!$B$3:$K$12,($A48+1)+-1,(F$43+1)+0)+INDEX(Kernels!$B$13:$D$15,1,3)*INDEX(Datos!$B$3:$K$12,($A48+1)+-1,(F$43+1)+1)+INDEX(Kernels!$B$13:$D$15,2,1)*INDEX(Datos!$B$3:$K$12,($A48+1)+0,(F$43+1)+-1)+INDEX(Kernels!$B$13:$D$15,2,2)*INDEX(Datos!$B$3:$K$12,($A48+1)+0,(F$43+1)+0)+INDEX(Kernels!$B$13:$D$15,2,3)*INDEX(Datos!$B$3:$K$12,($A48+1)+0,(F$43+1)+1)+INDEX(Kernels!$B$13:$D$15,3,1)*INDEX(Datos!$B$3:$K$12,($A48+1)+1,(F$43+1)+-1)+INDEX(Kernels!$B$13:$D$15,3,2)*INDEX(Datos!$B$3:$K$12,($A48+1)+1,(F$43+1)+0)+INDEX(Kernels!$B$13:$D$15,3,3)*INDEX(Datos!$B$3:$K$12,($A48+1)+1,(F$43+1)+1)),"") -> 16 | G48: =IF(AND($A48>=1,$A48<=8,G$43>=1,G$43<=8),ABS(INDEX(Kernels!$B$13:$D$15,1,1)*INDEX(Datos!$B$3:$K$12,($A48+1)+-1,(G$43+1)+-1)+INDEX(Kernels!$B$13:$D$15,1,2)*INDEX(Datos!$B$3:$K$12,($A48+1)+-1,(G$43+1)+0)+INDEX(Kernels!$B$13:$D$15,1,3)*INDEX(Datos!$B$3:$K$12,($A48+1)+-1,(G$43+1)+1)+INDEX(Kernels!$B$13:$D$15,2,1)*INDEX(Datos!$B$3:$K$12,($A48+1)+0,(G$43+1)+-1)+INDEX(Kernels!$B$13:$D$15,2,2)*INDEX(Datos!$B$3:$K$12,($A48+1)+0,(G$43+1)+0)+INDEX(Kernels!$B$13:$D$15,2,3)*INDEX(Datos!$B$3:$K$12,($A48+1)+0,(G$43+1)+1)+INDEX(Kernels!$B$13:$D$15,3,1)*INDEX(Datos!$B$3:$K$12,($A48+1)+1,(G$43+1)+-1)+INDEX(Kernels!$B$13:$D$15,3,2)*INDEX(Datos!$B$3:$K$12,($A48+1)+1,(G$43+1)+0)+INDEX(Kernels!$B$13:$D$15,3,3)*INDEX(Datos!$B$3:$K$12,($A48+1)+1,(G$43+1)+1)),"") -> 186 | H48: =IF(AND($A48>=1,$A48<=8,H$43>=1,H$43<=8),ABS(INDEX(Kernels!$B$13:$D$15,1,1)*INDEX(Datos!$B$3:$K$12,($A48+1)+-1,(H$43+1)+-1)+INDEX(Kernels!$B$13:$D$15,1,2)*INDEX(Datos!$B$3:$K$12,($A48+1)+-1,(H$43+1)+0)+INDEX(Kernels!$B$13:$D$15,1,3)*INDEX(Datos!$B$3:$K$12,($A48+1)+-1,(H$43+1)+1)+INDEX(Kernels!$B$13:$D$15,2,1)*INDEX(Datos!$B$3:$K$12,($A48+1)+0,(H$43+1)+-1)+INDEX(Kernels!$B$13:$D$15,2,2)*INDEX(Datos!$B$3:$K$12,($A48+1)+0,(H$43+1)+0)+INDEX(Kernels!$B$13:$D$15,2,3)*INDEX(Datos!$B$3:$K$12,($A48+1)+0,(H$43+1)+1)+INDEX(Kernels!$B$13:$D$15,3,1)*INDEX(Datos!$B$3:$K$12,($A48+1)+1,(H$43+1)+-1)+INDEX(Kernels!$B$13:$D$15,3,2)*INDEX(Datos!$B$3:$K$12,($A48+1)+1,(H$43+1)+0)+INDEX(Kernels!$B$13:$D$15,3,3)*INDEX(Datos!$B$3:$K$12,($A48+1)+1,(H$43+1)+1)),"") -> 180 | I48: =IF(AND($A48>=1,$A48<=8,I$43>=1,I$43<=8),ABS(INDEX(Kernels!$B$13:$D$15,1,1)*INDEX(Datos!$B$3:$K$12,($A48+1)+-1,(I$43+1)+-1)+INDEX(Kernels!$B$13:$D$15,1,2)*INDEX(Datos!$B$3:$K$12,($A48+1)+-1,(I$43+1)+0)+INDEX(Kernels!$B$13:$D$15,1,3)*INDEX(Datos!$B$3:$K$12,($A48+1)+-1,(I$43+1)+1)+INDEX(Kernels!$B$13:$D$15,2,1)*INDEX(Datos!$B$3:$K$12,($A48+1)+0,(I$43+1)+-1)+INDEX(Kernels!$B$13:$D$15,2,2)*INDEX(Datos!$B$3:$K$12,($A48+1)+0,(I$43+1)+0)+INDEX(Kernels!$B$13:$D$15,2,3)*INDEX(Datos!$B$3:$K$12,($A48+1)+0,(I$43+1)+1)+INDEX(Kernels!$B$13:$D$15,3,1)*INDEX(Datos!$B$3:$K$12,($A48+1)+1,(I$43+1)+-1)+INDEX(Kernels!$B$13:$D$15,3,2)*INDEX(Datos!$B$3:$K$12,($A48+1)+1,(I$43+1)+0)+INDEX(Kernels!$B$13:$D$15,3,3)*INDEX(Datos!$B$3:$K$12,($A48+1)+1,(I$43+1)+1)),"") -> 15 | ... K48: =IF(AND($A48>=1,$A48<=8,K$43>=1,K$43<=8),ABS(INDEX(Kernels!$B$13:$D$15,1,1)*INDEX(Datos!$B$3:$K$12,($A48+1)+-1,(K$43+1)+-1)+INDEX(Kernels!$B$13:$D$15,1,2)*INDEX(Datos!$B$3:$K$12,($A48+1)+-1,(K$43+1)+0)+INDEX(Kernels!$B$13:$D$15,1,3)*INDEX(Datos!$B$3:$K$12,($A48+1)+-1,(K$43+1)+1)+INDEX(Kernels!$B$13:$D$15,2,1)*INDEX(Datos!$B$3:$K$12,($A48+1)+0,(K$43+1)+-1)+INDEX(Kernels!$B$13:$D$15,2,2)*INDEX(Datos!$B$3:$K$12,($A48+1)+0,(K$43+1)+0)+INDEX(Kernels!$B$13:$D$15,2,3)*INDEX(Datos!$B$3:$K$12,($A48+1)+0,(K$43+1)+1)+INDEX(Kernels!$B$13:$D$15,3,1)*INDEX(Datos!$B$3:$K$12,($A48+1)+1,(K$43+1)+-1)+INDEX(Kernels!$B$13:$D$15,3,2)*INDEX(Datos!$B$3:$K$12,($A48+1)+1,(K$43+1)+0)+INDEX(Kernels!$B$13:$D$15,3,3)*INDEX(Datos!$B$3:$K$12,($A48+1)+1,(K$43+1)+1)),"")
A49: 5 | B49: =IF(AND($A49>=1,$A49<=8,B$43>=1,B$43<=8),ABS(INDEX(Kernels!$B$13:$D$15,1,1)*INDEX(Datos!$B$3:$K$12,($A49+1)+-1,(B$43+1)+-1)+INDEX(Kernels!$B$13:$D$15,1,2)*INDEX(Datos!$B$3:$K$12,($A49+1)+-1,(B$43+1)+0)+INDEX(Kernels!$B$13:$D$15,1,3)*INDEX(Datos!$B$3:$K$12,($A49+1)+-1,(B$43+1)+1)+INDEX(Kernels!$B$13:$D$15,2,1)*INDEX(Datos!$B$3:$K$12,($A49+1)+0,(B$43+1)+-1)+INDEX(Kernels!$B$13:$D$15,2,2)*INDEX(Datos!$B$3:$K$12,($A49+1)+0,(B$43+1)+0)+INDEX(Kernels!$B$13:$D$15,2,3)*INDEX(Datos!$B$3:$K$12,($A49+1)+0,(B$43+1)+1)+INDEX(Kernels!$B$13:$D$15,3,1)*INDEX(Datos!$B$3:$K$12,($A49+1)+1,(B$43+1)+-1)+INDEX(Kernels!$B$13:$D$15,3,2)*INDEX(Datos!$B$3:$K$12,($A49+1)+1,(B$43+1)+0)+INDEX(Kernels!$B$13:$D$15,3,3)*INDEX(Datos!$B$3:$K$12,($A49+1)+1,(B$43+1)+1)),"") | C49: =IF(AND($A49>=1,$A49<=8,C$43>=1,C$43<=8),ABS(INDEX(Kernels!$B$13:$D$15,1,1)*INDEX(Datos!$B$3:$K$12,($A49+1)+-1,(C$43+1)+-1)+INDEX(Kernels!$B$13:$D$15,1,2)*INDEX(Datos!$B$3:$K$12,($A49+1)+-1,(C$43+1)+0)+INDEX(Kernels!$B$13:$D$15,1,3)*INDEX(Datos!$B$3:$K$12,($A49+1)+-1,(C$43+1)+1)+INDEX(Kernels!$B$13:$D$15,2,1)*INDEX(Datos!$B$3:$K$12,($A49+1)+0,(C$43+1)+-1)+INDEX(Kernels!$B$13:$D$15,2,2)*INDEX(Datos!$B$3:$K$12,($A49+1)+0,(C$43+1)+0)+INDEX(Kernels!$B$13:$D$15,2,3)*INDEX(Datos!$B$3:$K$12,($A49+1)+0,(C$43+1)+1)+INDEX(Kernels!$B$13:$D$15,3,1)*INDEX(Datos!$B$3:$K$12,($A49+1)+1,(C$43+1)+-1)+INDEX(Kernels!$B$13:$D$15,3,2)*INDEX(Datos!$B$3:$K$12,($A49+1)+1,(C$43+1)+0)+INDEX(Kernels!$B$13:$D$15,3,3)*INDEX(Datos!$B$3:$K$12,($A49+1)+1,(C$43+1)+1)),"") -> 94 | D49: =IF(AND($A49>=1,$A49<=8,D$43>=1,D$43<=8),ABS(INDEX(Kernels!$B$13:$D$15,1,1)*INDEX(Datos!$B$3:$K$12,($A49+1)+-1,(D$43+1)+-1)+INDEX(Kernels!$B$13:$D$15,1,2)*INDEX(Datos!$B$3:$K$12,($A49+1)+-1,(D$43+1)+0)+INDEX(Kernels!$B$13:$D$15,1,3)*INDEX(Datos!$B$3:$K$12,($A49+1)+-1,(D$43+1)+1)+INDEX(Kernels!$B$13:$D$15,2,1)*INDEX(Datos!$B$3:$K$12,($A49+1)+0,(D$43+1)+-1)+INDEX(Kernels!$B$13:$D$15,2,2)*INDEX(Datos!$B$3:$K$12,($A49+1)+0,(D$43+1)+0)+INDEX(Kernels!$B$13:$D$15,2,3)*INDEX(Datos!$B$3:$K$12,($A49+1)+0,(D$43+1)+1)+INDEX(Kernels!$B$13:$D$15,3,1)*INDEX(Datos!$B$3:$K$12,($A49+1)+1,(D$43+1)+-1)+INDEX(Kernels!$B$13:$D$15,3,2)*INDEX(Datos!$B$3:$K$12,($A49+1)+1,(D$43+1)+0)+INDEX(Kernels!$B$13:$D$15,3,3)*INDEX(Datos!$B$3:$K$12,($A49+1)+1,(D$43+1)+1)),"") -> 46 | E49: =IF(AND($A49>=1,$A49<=8,E$43>=1,E$43<=8),ABS(INDEX(Kernels!$B$13:$D$15,1,1)*INDEX(Datos!$B$3:$K$12,($A49+1)+-1,(E$43+1)+-1)+INDEX(Kernels!$B$13:$D$15,1,2)*INDEX(Datos!$B$3:$K$12,($A49+1)+-1,(E$43+1)+0)+INDEX(Kernels!$B$13:$D$15,1,3)*INDEX(Datos!$B$3:$K$12,($A49+1)+-1,(E$43+1)+1)+INDEX(Kernels!$B$13:$D$15,2,1)*INDEX(Datos!$B$3:$K$12,($A49+1)+0,(E$43+1)+-1)+INDEX(Kernels!$B$13:$D$15,2,2)*INDEX(Datos!$B$3:$K$12,($A49+1)+0,(E$43+1)+0)+INDEX(Kernels!$B$13:$D$15,2,3)*INDEX(Datos!$B$3:$K$12,($A49+1)+0,(E$43+1)+1)+INDEX(Kernels!$B$13:$D$15,3,1)*INDEX(Datos!$B$3:$K$12,($A49+1)+1,(E$43+1)+-1)+INDEX(Kernels!$B$13:$D$15,3,2)*INDEX(Datos!$B$3:$K$12,($A49+1)+1,(E$43+1)+0)+INDEX(Kernels!$B$13:$D$15,3,3)*INDEX(Datos!$B$3:$K$12,($A49+1)+1,(E$43+1)+1)),"") -> 70 | F49: =IF(AND($A49>=1,$A49<=8,F$43>=1,F$43<=8),ABS(INDEX(Kernels!$B$13:$D$15,1,1)*INDEX(Datos!$B$3:$K$12,($A49+1)+-1,(F$43+1)+-1)+INDEX(Kernels!$B$13:$D$15,1,2)*INDEX(Datos!$B$3:$K$12,($A49+1)+-1,(F$43+1)+0)+INDEX(Kernels!$B$13:$D$15,1,3)*INDEX(Datos!$B$3:$K$12,($A49+1)+-1,(F$43+1)+1)+INDEX(Kernels!$B$13:$D$15,2,1)*INDEX(Datos!$B$3:$K$12,($A49+1)+0,(F$43+1)+-1)+INDEX(Kernels!$B$13:$D$15,2,2)*INDEX(Datos!$B$3:$K$12,($A49+1)+0,(F$43+1)+0)+INDEX(Kernels!$B$13:$D$15,2,3)*INDEX(Datos!$B$3:$K$12,($A49+1)+0,(F$43+1)+1)+INDEX(Kernels!$B$13:$D$15,3,1)*INDEX(Datos!$B$3:$K$12,($A49+1)+1,(F$43+1)+-1)+INDEX(Kernels!$B$13:$D$15,3,2)*INDEX(Datos!$B$3:$K$12,($A49+1)+1,(F$43+1)+0)+INDEX(Kernels!$B$13:$D$15,3,3)*INDEX(Datos!$B$3:$K$12,($A49+1)+1,(F$43+1)+1)),"") -> 98 | G49: =IF(AND($A49>=1,$A49<=8,G$43>=1,G$43<=8),ABS(INDEX(Kernels!$B$13:$D$15,1,1)*INDEX(Datos!$B$3:$K$12,($A49+1)+-1,(G$43+1)+-1)+INDEX(Kernels!$B$13:$D$15,1,2)*INDEX(Datos!$B$3:$K$12,($A49+1)+-1,(G$43+1)+0)+INDEX(Kernels!$B$13:$D$15,1,3)*INDEX(Datos!$B$3:$K$12,($A49+1)+-1,(G$43+1)+1)+INDEX(Kernels!$B$13:$D$15,2,1)*INDEX(Datos!$B$3:$K$12,($A49+1)+0,(G$43+1)+-1)+INDEX(Kernels!$B$13:$D$15,2,2)*INDEX(Datos!$B$3:$K$12,($A49+1)+0,(G$43+1)+0)+INDEX(Kernels!$B$13:$D$15,2,3)*INDEX(Datos!$B$3:$K$12,($A49+1)+0,(G$43+1)+1)+INDEX(Kernels!$B$13:$D$15,3,1)*INDEX(Datos!$B$3:$K$12,($A49+1)+1,(G$43+1)+-1)+INDEX(Kernels!$B$13:$D$15,3,2)*INDEX(Datos!$B$3:$K$12,($A49+1)+1,(G$43+1)+0)+INDEX(Kernels!$B$13:$D$15,3,3)*INDEX(Datos!$B$3:$K$12,($A49+1)+1,(G$43+1)+1)),"") -> 133 | H49: =IF(AND($A49>=1,$A49<=8,H$43>=1,H$43<=8),ABS(INDEX(Kernels!$B$13:$D$15,1,1)*INDEX(Datos!$B$3:$K$12,($A49+1)+-1,(H$43+1)+-1)+INDEX(Kernels!$B$13:$D$15,1,2)*INDEX(Datos!$B$3:$K$12,($A49+1)+-1,(H$43+1)+0)+INDEX(Kernels!$B$13:$D$15,1,3)*INDEX(Datos!$B$3:$K$12,($A49+1)+-1,(H$43+1)+1)+INDEX(Kernels!$B$13:$D$15,2,1)*INDEX(Datos!$B$3:$K$12,($A49+1)+0,(H$43+1)+-1)+INDEX(Kernels!$B$13:$D$15,2,2)*INDEX(Datos!$B$3:$K$12,($A49+1)+0,(H$43+1)+0)+INDEX(Kernels!$B$13:$D$15,2,3)*INDEX(Datos!$B$3:$K$12,($A49+1)+0,(H$43+1)+1)+INDEX(Kernels!$B$13:$D$15,3,1)*INDEX(Datos!$B$3:$K$12,($A49+1)+1,(H$43+1)+-1)+INDEX(Kernels!$B$13:$D$15,3,2)*INDEX(Datos!$B$3:$K$12,($A49+1)+1,(H$43+1)+0)+INDEX(Kernels!$B$13:$D$15,3,3)*INDEX(Datos!$B$3:$K$12,($A49+1)+1,(H$43+1)+1)),"") -> 99 | I49: =IF(AND($A49>=1,$A49<=8,I$43>=1,I$43<=8),ABS(INDEX(Kernels!$B$13:$D$15,1,1)*INDEX(Datos!$B$3:$K$12,($A49+1)+-1,(I$43+1)+-1)+INDEX(Kernels!$B$13:$D$15,1,2)*INDEX(Datos!$B$3:$K$12,($A49+1)+-1,(I$43+1)+0)+INDEX(Kernels!$B$13:$D$15,1,3)*INDEX(Datos!$B$3:$K$12,($A49+1)+-1,(I$43+1)+1)+INDEX(Kernels!$B$13:$D$15,2,1)*INDEX(Datos!$B$3:$K$12,($A49+1)+0,(I$43+1)+-1)+INDEX(Kernels!$B$13:$D$15,2,2)*INDEX(Datos!$B$3:$K$12,($A49+1)+0,(I$43+1)+0)+INDEX(Kernels!$B$13:$D$15,2,3)*INDEX(Datos!$B$3:$K$12,($A49+1)+0,(I$43+1)+1)+INDEX(Kernels!$B$13:$D$15,3,1)*INDEX(Datos!$B$3:$K$12,($A49+1)+1,(I$43+1)+-1)+INDEX(Kernels!$B$13:$D$15,3,2)*INDEX(Datos!$B$3:$K$12,($A49+1)+1,(I$43+1)+0)+INDEX(Kernels!$B$13:$D$15,3,3)*INDEX(Datos!$B$3:$K$12,($A49+1)+1,(I$43+1)+1)),"") -> 6 | ... K49: =IF(AND($A49>=1,$A49<=8,K$43>=1,K$43<=8),ABS(INDEX(Kernels!$B$13:$D$15,1,1)*INDEX(Datos!$B$3:$K$12,($A49+1)+-1,(K$43+1)+-1)+INDEX(Kernels!$B$13:$D$15,1,2)*INDEX(Datos!$B$3:$K$12,($A49+1)+-1,(K$43+1)+0)+INDEX(Kernels!$B$13:$D$15,1,3)*INDEX(Datos!$B$3:$K$12,($A49+1)+-1,(K$43+1)+1)+INDEX(Kernels!$B$13:$D$15,2,1)*INDEX(Datos!$B$3:$K$12,($A49+1)+0,(K$43+1)+-1)+INDEX(Kernels!$B$13:$D$15,2,2)*INDEX(Datos!$B$3:$K$12,($A49+1)+0,(K$43+1)+0)+INDEX(Kernels!$B$13:$D$15,2,3)*INDEX(Datos!$B$3:$K$12,($A49+1)+0,(K$43+1)+1)+INDEX(Kernels!$B$13:$D$15,3,1)*INDEX(Datos!$B$3:$K$12,($A49+1)+1,(K$43+1)+-1)+INDEX(Kernels!$B$13:$D$15,3,2)*INDEX(Datos!$B$3:$K$12,($A49+1)+1,(K$43+1)+0)+INDEX(Kernels!$B$13:$D$15,3,3)*INDEX(Datos!$B$3:$K$12,($A49+1)+1,(K$43+1)+1)),"")
A50: 6 | B50: =IF(AND($A50>=1,$A50<=8,B$43>=1,B$43<=8),ABS(INDEX(Kernels!$B$13:$D$15,1,1)*INDEX(Datos!$B$3:$K$12,($A50+1)+-1,(B$43+1)+-1)+INDEX(Kernels!$B$13:$D$15,1,2)*INDEX(Datos!$B$3:$K$12,($A50+1)+-1,(B$43+1)+0)+INDEX(Kernels!$B$13:$D$15,1,3)*INDEX(Datos!$B$3:$K$12,($A50+1)+-1,(B$43+1)+1)+INDEX(Kernels!$B$13:$D$15,2,1)*INDEX(Datos!$B$3:$K$12,($A50+1)+0,(B$43+1)+-1)+INDEX(Kernels!$B$13:$D$15,2,2)*INDEX(Datos!$B$3:$K$12,($A50+1)+0,(B$43+1)+0)+INDEX(Kernels!$B$13:$D$15,2,3)*INDEX(Datos!$B$3:$K$12,($A50+1)+0,(B$43+1)+1)+INDEX(Kernels!$B$13:$D$15,3,1)*INDEX(Datos!$B$3:$K$12,($A50+1)+1,(B$43+1)+-1)+INDEX(Kernels!$B$13:$D$15,3,2)*INDEX(Datos!$B$3:$K$12,($A50+1)+1,(B$43+1)+0)+INDEX(Kernels!$B$13:$D$15,3,3)*INDEX(Datos!$B$3:$K$12,($A50+1)+1,(B$43+1)+1)),"") | C50: =IF(AND($A50>=1,$A50<=8,C$43>=1,C$43<=8),ABS(INDEX(Kernels!$B$13:$D$15,1,1)*INDEX(Datos!$B$3:$K$12,($A50+1)+-1,(C$43+1)+-1)+INDEX(Kernels!$B$13:$D$15,1,2)*INDEX(Datos!$B$3:$K$12,($A50+1)+-1,(C$43+1)+0)+INDEX(Kernels!$B$13:$D$15,1,3)*INDEX(Datos!$B$3:$K$12,($A50+1)+-1,(C$43+1)+1)+INDEX(Kernels!$B$13:$D$15,2,1)*INDEX(Datos!$B$3:$K$12,($A50+1)+0,(C$43+1)+-1)+INDEX(Kernels!$B$13:$D$15,2,2)*INDEX(Datos!$B$3:$K$12,($A50+1)+0,(C$43+1)+0)+INDEX(Kernels!$B$13:$D$15,2,3)*INDEX(Datos!$B$3:$K$12,($A50+1)+0,(C$43+1)+1)+INDEX(Kernels!$B$13:$D$15,3,1)*INDEX(Datos!$B$3:$K$12,($A50+1)+1,(C$43+1)+-1)+INDEX(Kernels!$B$13:$D$15,3,2)*INDEX(Datos!$B$3:$K$12,($A50+1)+1,(C$43+1)+0)+INDEX(Kernels!$B$13:$D$15,3,3)*INDEX(Datos!$B$3:$K$12,($A50+1)+1,(C$43+1)+1)),"") -> 31 | D50: =IF(AND($A50>=1,$A50<=8,D$43>=1,D$43<=8),ABS(INDEX(Kernels!$B$13:$D$15,1,1)*INDEX(Datos!$B$3:$K$12,($A50+1)+-1,(D$43+1)+-1)+INDEX(Kernels!$B$13:$D$15,1,2)*INDEX(Datos!$B$3:$K$12,($A50+1)+-1,(D$43+1)+0)+INDEX(Kernels!$B$13:$D$15,1,3)*INDEX(Datos!$B$3:$K$12,($A50+1)+-1,(D$43+1)+1)+INDEX(Kernels!$B$13:$D$15,2,1)*INDEX(Datos!$B$3:$K$12,($A50+1)+0,(D$43+1)+-1)+INDEX(Kernels!$B$13:$D$15,2,2)*INDEX(Datos!$B$3:$K$12,($A50+1)+0,(D$43+1)+0)+INDEX(Kernels!$B$13:$D$15,2,3)*INDEX(Datos!$B$3:$K$12,($A50+1)+0,(D$43+1)+1)+INDEX(Kernels!$B$13:$D$15,3,1)*INDEX(Datos!$B$3:$K$12,($A50+1)+1,(D$43+1)+-1)+INDEX(Kernels!$B$13:$D$15,3,2)*INDEX(Datos!$B$3:$K$12,($A50+1)+1,(D$43+1)+0)+INDEX(Kernels!$B$13:$D$15,3,3)*INDEX(Datos!$B$3:$K$12,($A50+1)+1,(D$43+1)+1)),"") -> 122 | E50: =IF(AND($A50>=1,$A50<=8,E$43>=1,E$43<=8),ABS(INDEX(Kernels!$B$13:$D$15,1,1)*INDEX(Datos!$B$3:$K$12,($A50+1)+-1,(E$43+1)+-1)+INDEX(Kernels!$B$13:$D$15,1,2)*INDEX(Datos!$B$3:$K$12,($A50+1)+-1,(E$43+1)+0)+INDEX(Kernels!$B$13:$D$15,1,3)*INDEX(Datos!$B$3:$K$12,($A50+1)+-1,(E$43+1)+1)+INDEX(Kernels!$B$13:$D$15,2,1)*INDEX(Datos!$B$3:$K$12,($A50+1)+0,(E$43+1)+-1)+INDEX(Kernels!$B$13:$D$15,2,2)*INDEX(Datos!$B$3:$K$12,($A50+1)+0,(E$43+1)+0)+INDEX(Kernels!$B$13:$D$15,2,3)*INDEX(Datos!$B$3:$K$12,($A50+1)+0,(E$43+1)+1)+INDEX(Kernels!$B$13:$D$15,3,1)*INDEX(Datos!$B$3:$K$12,($A50+1)+1,(E$43+1)+-1)+INDEX(Kernels!$B$13:$D$15,3,2)*INDEX(Datos!$B$3:$K$12,($A50+1)+1,(E$43+1)+0)+INDEX(Kernels!$B$13:$D$15,3,3)*INDEX(Datos!$B$3:$K$12,($A50+1)+1,(E$43+1)+1)),"") -> 122 | F50: =IF(AND($A50>=1,$A50<=8,F$43>=1,F$43<=8),ABS(INDEX(Kernels!$B$13:$D$15,1,1)*INDEX(Datos!$B$3:$K$12,($A50+1)+-1,(F$43+1)+-1)+INDEX(Kernels!$B$13:$D$15,1,2)*INDEX(Datos!$B$3:$K$12,($A50+1)+-1,(F$43+1)+0)+INDEX(Kernels!$B$13:$D$15,1,3)*INDEX(Datos!$B$3:$K$12,($A50+1)+-1,(F$43+1)+1)+INDEX(Kernels!$B$13:$D$15,2,1)*INDEX(Datos!$B$3:$K$12,($A50+1)+0,(F$43+1)+-1)+INDEX(Kernels!$B$13:$D$15,2,2)*INDEX(Datos!$B$3:$K$12,($A50+1)+0,(F$43+1)+0)+INDEX(Kernels!$B$13:$D$15,2,3)*INDEX(Datos!$B$3:$K$12,($A50+1)+0,(F$43+1)+1)+INDEX(Kernels!$B$13:$D$15,3,1)*INDEX(Datos!$B$3:$K$12,($A50+1)+1,(F$43+1)+-1)+INDEX(Kernels!$B$13:$D$15,3,2)*INDEX(Datos!$B$3:$K$12,($A50+1)+1,(F$43+1)+0)+INDEX(Kernels!$B$13:$D$15,3,3)*INDEX(Datos!$B$3:$K$12,($A50+1)+1,(F$43+1)+1)),"") -> 93 | G50: =IF(AND($A50>=1,$A50<=8,G$43>=1,G$43<=8),ABS(INDEX(Kernels!$B$13:$D$15,1,1)*INDEX(Datos!$B$3:$K$12,($A50+1)+-1,(G$43+1)+-1)+INDEX(Kernels!$B$13:$D$15,1,2)*INDEX(Datos!$B$3:$K$12,($A50+1)+-1,(G$43+1)+0)+INDEX(Kernels!$B$13:$D$15,1,3)*INDEX(Datos!$B$3:$K$12,($A50+1)+-1,(G$43+1)+1)+INDEX(Kernels!$B$13:$D$15,2,1)*INDEX(Datos!$B$3:$K$12,($A50+1)+0,(G$43+1)+-1)+INDEX(Kernels!$B$13:$D$15,2,2)*INDEX(Datos!$B$3:$K$12,($A50+1)+0,(G$43+1)+0)+INDEX(Kernels!$B$13:$D$15,2,3)*INDEX(Datos!$B$3:$K$12,($A50+1)+0,(G$43+1)+1)+INDEX(Kernels!$B$13:$D$15,3,1)*INDEX(Datos!$B$3:$K$12,($A50+1)+1,(G$43+1)+-1)+INDEX(Kernels!$B$13:$D$15,3,2)*INDEX(Datos!$B$3:$K$12,($A50+1)+1,(G$43+1)+0)+INDEX(Kernels!$B$13:$D$15,3,3)*INDEX(Datos!$B$3:$K$12,($A50+1)+1,(G$43+1)+1)),"") -> 26 | H50: =IF(AND($A50>=1,$A50<=8,H$43>=1,H$43<=8),ABS(INDEX(Kernels!$B$13:$D$15,1,1)*INDEX(Datos!$B$3:$K$12,($A50+1)+-1,(H$43+1)+-1)+INDEX(Kernels!$B$13:$D$15,1,2)*INDEX(Datos!$B$3:$K$12,($A50+1)+-1,(H$43+1)+0)+INDEX(Kernels!$B$13:$D$15,1,3)*INDEX(Datos!$B$3:$K$12,($A50+1)+-1,(H$43+1)+1)+INDEX(Kernels!$B$13:$D$15,2,1)*INDEX(Datos!$B$3:$K$12,($A50+1)+0,(H$43+1)+-1)+INDEX(Kernels!$B$13:$D$15,2,2)*INDEX(Datos!$B$3:$K$12,($A50+1)+0,(H$43+1)+0)+INDEX(Kernels!$B$13:$D$15,2,3)*INDEX(Datos!$B$3:$K$12,($A50+1)+0,(H$43+1)+1)+INDEX(Kernels!$B$13:$D$15,3,1)*INDEX(Datos!$B$3:$K$12,($A50+1)+1,(H$43+1)+-1)+INDEX(Kernels!$B$13:$D$15,3,2)*INDEX(Datos!$B$3:$K$12,($A50+1)+1,(H$43+1)+0)+INDEX(Kernels!$B$13:$D$15,3,3)*INDEX(Datos!$B$3:$K$12,($A50+1)+1,(H$43+1)+1)),"") -> 35 | I50: =IF(AND($A50>=1,$A50<=8,I$43>=1,I$43<=8),ABS(INDEX(Kernels!$B$13:$D$15,1,1)*INDEX(Datos!$B$3:$K$12,($A50+1)+-1,(I$43+1)+-1)+INDEX(Kernels!$B$13:$D$15,1,2)*INDEX(Datos!$B$3:$K$12,($A50+1)+-1,(I$43+1)+0)+INDEX(Kernels!$B$13:$D$15,1,3)*INDEX(Datos!$B$3:$K$12,($A50+1)+-1,(I$43+1)+1)+INDEX(Kernels!$B$13:$D$15,2,1)*INDEX(Datos!$B$3:$K$12,($A50+1)+0,(I$43+1)+-1)+INDEX(Kernels!$B$13:$D$15,2,2)*INDEX(Datos!$B$3:$K$12,($A50+1)+0,(I$43+1)+0)+INDEX(Kernels!$B$13:$D$15,2,3)*INDEX(Datos!$B$3:$K$12,($A50+1)+0,(I$43+1)+1)+INDEX(Kernels!$B$13:$D$15,3,1)*INDEX(Datos!$B$3:$K$12,($A50+1)+1,(I$43+1)+-1)+INDEX(Kernels!$B$13:$D$15,3,2)*INDEX(Datos!$B$3:$K$12,($A50+1)+1,(I$43+1)+0)+INDEX(Kernels!$B$13:$D$15,3,3)*INDEX(Datos!$B$3:$K$12,($A50+1)+1,(I$43+1)+1)),"") -> 89 | ... K50: =IF(AND($A50>=1,$A50<=8,K$43>=1,K$43<=8),ABS(INDEX(Kernels!$B$13:$D$15,1,1)*INDEX(Datos!$B$3:$K$12,($A50+1)+-1,(K$43+1)+-1)+INDEX(Kernels!$B$13:$D$15,1,2)*INDEX(Datos!$B$3:$K$12,($A50+1)+-1,(K$43+1)+0)+INDEX(Kernels!$B$13:$D$15,1,3)*INDEX(Datos!$B$3:$K$12,($A50+1)+-1,(K$43+1)+1)+INDEX(Kernels!$B$13:$D$15,2,1)*INDEX(Datos!$B$3:$K$12,($A50+1)+0,(K$43+1)+-1)+INDEX(Kernels!$B$13:$D$15,2,2)*INDEX(Datos!$B$3:$K$12,($A50+1)+0,(K$43+1)+0)+INDEX(Kernels!$B$13:$D$15,2,3)*INDEX(Datos!$B$3:$K$12,($A50+1)+0,(K$43+1)+1)+INDEX(Kernels!$B$13:$D$15,3,1)*INDEX(Datos!$B$3:$K$12,($A50+1)+1,(K$43+1)+-1)+INDEX(Kernels!$B$13:$D$15,3,2)*INDEX(Datos!$B$3:$K$12,($A50+1)+1,(K$43+1)+0)+INDEX(Kernels!$B$13:$D$15,3,3)*INDEX(Datos!$B$3:$K$12,($A50+1)+1,(K$43+1)+1)),"")
A51: 7 | B51: =IF(AND($A51>=1,$A51<=8,B$43>=1,B$43<=8),ABS(INDEX(Kernels!$B$13:$D$15,1,1)*INDEX(Datos!$B$3:$K$12,($A51+1)+-1,(B$43+1)+-1)+INDEX(Kernels!$B$13:$D$15,1,2)*INDEX(Datos!$B$3:$K$12,($A51+1)+-1,(B$43+1)+0)+INDEX(Kernels!$B$13:$D$15,1,3)*INDEX(Datos!$B$3:$K$12,($A51+1)+-1,(B$43+1)+1)+INDEX(Kernels!$B$13:$D$15,2,1)*INDEX(Datos!$B$3:$K$12,($A51+1)+0,(B$43+1)+-1)+INDEX(Kernels!$B$13:$D$15,2,2)*INDEX(Datos!$B$3:$K$12,($A51+1)+0,(B$43+1)+0)+INDEX(Kernels!$B$13:$D$15,2,3)*INDEX(Datos!$B$3:$K$12,($A51+1)+0,(B$43+1)+1)+INDEX(Kernels!$B$13:$D$15,3,1)*INDEX(Datos!$B$3:$K$12,($A51+1)+1,(B$43+1)+-1)+INDEX(Kernels!$B$13:$D$15,3,2)*INDEX(Datos!$B$3:$K$12,($A51+1)+1,(B$43+1)+0)+INDEX(Kernels!$B$13:$D$15,3,3)*INDEX(Datos!$B$3:$K$12,($A51+1)+1,(B$43+1)+1)),"") | C51: =IF(AND($A51>=1,$A51<=8,C$43>=1,C$43<=8),ABS(INDEX(Kernels!$B$13:$D$15,1,1)*INDEX(Datos!$B$3:$K$12,($A51+1)+-1,(C$43+1)+-1)+INDEX(Kernels!$B$13:$D$15,1,2)*INDEX(Datos!$B$3:$K$12,($A51+1)+-1,(C$43+1)+0)+INDEX(Kernels!$B$13:$D$15,1,3)*INDEX(Datos!$B$3:$K$12,($A51+1)+-1,(C$43+1)+1)+INDEX(Kernels!$B$13:$D$15,2,1)*INDEX(Datos!$B$3:$K$12,($A51+1)+0,(C$43+1)+-1)+INDEX(Kernels!$B$13:$D$15,2,2)*INDEX(Datos!$B$3:$K$12,($A51+1)+0,(C$43+1)+0)+INDEX(Kernels!$B$13:$D$15,2,3)*INDEX(Datos!$B$3:$K$12,($A51+1)+0,(C$43+1)+1)+INDEX(Kernels!$B$13:$D$15,3,1)*INDEX(Datos!$B$3:$K$12,($A51+1)+1,(C$43+1)+-1)+INDEX(Kernels!$B$13:$D$15,3,2)*INDEX(Datos!$B$3:$K$12,($A51+1)+1,(C$43+1)+0)+INDEX(Kernels!$B$13:$D$15,3,3)*INDEX(Datos!$B$3:$K$12,($A51+1)+1,(C$43+1)+1)),"") -> 98 | D51: =IF(AND($A51>=1,$A51<=8,D$43>=1,D$43<=8),ABS(INDEX(Kernels!$B$13:$D$15,1,1)*INDEX(Datos!$B$3:$K$12,($A51+1)+-1,(D$43+1)+-1)+INDEX(Kernels!$B$13:$D$15,1,2)*INDEX(Datos!$B$3:$K$12,($A51+1)+-1,(D$43+1)+0)+INDEX(Kernels!$B$13:$D$15,1,3)*INDEX(Datos!$B$3:$K$12,($A51+1)+-1,(D$43+1)+1)+INDEX(Kernels!$B$13:$D$15,2,1)*INDEX(Datos!$B$3:$K$12,($A51+1)+0,(D$43+1)+-1)+INDEX(Kernels!$B$13:$D$15,2,2)*INDEX(Datos!$B$3:$K$12,($A51+1)+0,(D$43+1)+0)+INDEX(Kernels!$B$13:$D$15,2,3)*INDEX(Datos!$B$3:$K$12,($A51+1)+0,(D$43+1)+1)+INDEX(Kernels!$B$13:$D$15,3,1)*INDEX(Datos!$B$3:$K$12,($A51+1)+1,(D$43+1)+-1)+INDEX(Kernels!$B$13:$D$15,3,2)*INDEX(Datos!$B$3:$K$12,($A51+1)+1,(D$43+1)+0)+INDEX(Kernels!$B$13:$D$15,3,3)*INDEX(Datos!$B$3:$K$12,($A51+1)+1,(D$43+1)+1)),"") -> 154 | E51: =IF(AND($A51>=1,$A51<=8,E$43>=1,E$43<=8),ABS(INDEX(Kernels!$B$13:$D$15,1,1)*INDEX(Datos!$B$3:$K$12,($A51+1)+-1,(E$43+1)+-1)+INDEX(Kernels!$B$13:$D$15,1,2)*INDEX(Datos!$B$3:$K$12,($A51+1)+-1,(E$43+1)+0)+INDEX(Kernels!$B$13:$D$15,1,3)*INDEX(Datos!$B$3:$K$12,($A51+1)+-1,(E$43+1)+1)+INDEX(Kernels!$B$13:$D$15,2,1)*INDEX(Datos!$B$3:$K$12,($A51+1)+0,(E$43+1)+-1)+INDEX(Kernels!$B$13:$D$15,2,2)*INDEX(Datos!$B$3:$K$12,($A51+1)+0,(E$43+1)+0)+INDEX(Kernels!$B$13:$D$15,2,3)*INDEX(Datos!$B$3:$K$12,($A51+1)+0,(E$43+1)+1)+INDEX(Kernels!$B$13:$D$15,3,1)*INDEX(Datos!$B$3:$K$12,($A51+1)+1,(E$43+1)+-1)+INDEX(Kernels!$B$13:$D$15,3,2)*INDEX(Datos!$B$3:$K$12,($A51+1)+1,(E$43+1)+0)+INDEX(Kernels!$B$13:$D$15,3,3)*INDEX(Datos!$B$3:$K$12,($A51+1)+1,(E$43+1)+1)),"") -> 113 | F51: =IF(AND($A51>=1,$A51<=8,F$43>=1,F$43<=8),ABS(INDEX(Kernels!$B$13:$D$15,1,1)*INDEX(Datos!$B$3:$K$12,($A51+1)+-1,(F$43+1)+-1)+INDEX(Kernels!$B$13:$D$15,1,2)*INDEX(Datos!$B$3:$K$12,($A51+1)+-1,(F$43+1)+0)+INDEX(Kernels!$B$13:$D$15,1,3)*INDEX(Datos!$B$3:$K$12,($A51+1)+-1,(F$43+1)+1)+INDEX(Kernels!$B$13:$D$15,2,1)*INDEX(Datos!$B$3:$K$12,($A51+1)+0,(F$43+1)+-1)+INDEX(Kernels!$B$13:$D$15,2,2)*INDEX(Datos!$B$3:$K$12,($A51+1)+0,(F$43+1)+0)+INDEX(Kernels!$B$13:$D$15,2,3)*INDEX(Datos!$B$3:$K$12,($A51+1)+0,(F$43+1)+1)+INDEX(Kernels!$B$13:$D$15,3,1)*INDEX(Datos!$B$3:$K$12,($A51+1)+1,(F$43+1)+-1)+INDEX(Kernels!$B$13:$D$15,3,2)*INDEX(Datos!$B$3:$K$12,($A51+1)+1,(F$43+1)+0)+INDEX(Kernels!$B$13:$D$15,3,3)*INDEX(Datos!$B$3:$K$12,($A51+1)+1,(F$43+1)+1)),"") -> 64 | G51: =IF(AND($A51>=1,$A51<=8,G$43>=1,G$43<=8),ABS(INDEX(Kernels!$B$13:$D$15,1,1)*INDEX(Datos!$B$3:$K$12,($A51+1)+-1,(G$43+1)+-1)+INDEX(Kernels!$B$13:$D$15,1,2)*INDEX(Datos!$B$3:$K$12,($A51+1)+-1,(G$43+1)+0)+INDEX(Kernels!$B$13:$D$15,1,3)*INDEX(Datos!$B$3:$K$12,($A51+1)+-1,(G$43+1)+1)+INDEX(Kernels!$B$13:$D$15,2,1)*INDEX(Datos!$B$3:$K$12,($A51+1)+0,(G$43+1)+-1)+INDEX(Kernels!$B$13:$D$15,2,2)*INDEX(Datos!$B$3:$K$12,($A51+1)+0,(G$43+1)+0)+INDEX(Kernels!$B$13:$D$15,2,3)*INDEX(Datos!$B$3:$K$12,($A51+1)+0,(G$43+1)+1)+INDEX(Kernels!$B$13:$D$15,3,1)*INDEX(Datos!$B$3:$K$12,($A51+1)+1,(G$43+1)+-1)+INDEX(Kernels!$B$13:$D$15,3,2)*INDEX(Datos!$B$3:$K$12,($A51+1)+1,(G$43+1)+0)+INDEX(Kernels!$B$13:$D$15,3,3)*INDEX(Datos!$B$3:$K$12,($A51+1)+1,(G$43+1)+1)),"") -> 20 | H51: =IF(AND($A51>=1,$A51<=8,H$43>=1,H$43<=8),ABS(INDEX(Kernels!$B$13:$D$15,1,1)*INDEX(Datos!$B$3:$K$12,($A51+1)+-1,(H$43+1)+-1)+INDEX(Kernels!$B$13:$D$15,1,2)*INDEX(Datos!$B$3:$K$12,($A51+1)+-1,(H$43+1)+0)+INDEX(Kernels!$B$13:$D$15,1,3)*INDEX(Datos!$B$3:$K$12,($A51+1)+-1,(H$43+1)+1)+INDEX(Kernels!$B$13:$D$15,2,1)*INDEX(Datos!$B$3:$K$12,($A51+1)+0,(H$43+1)+-1)+INDEX(Kernels!$B$13:$D$15,2,2)*INDEX(Datos!$B$3:$K$12,($A51+1)+0,(H$43+1)+0)+INDEX(Kernels!$B$13:$D$15,2,3)*INDEX(Datos!$B$3:$K$12,($A51+1)+0,(H$43+1)+1)+INDEX(Kernels!$B$13:$D$15,3,1)*INDEX(Datos!$B$3:$K$12,($A51+1)+1,(H$43+1)+-1)+INDEX(Kernels!$B$13:$D$15,3,2)*INDEX(Datos!$B$3:$K$12,($A51+1)+1,(H$43+1)+0)+INDEX(Kernels!$B$13:$D$15,3,3)*INDEX(Datos!$B$3:$K$12,($A51+1)+1,(H$43+1)+1)),"") -> 81 | I51: =IF(AND($A51>=1,$A51<=8,I$43>=1,I$43<=8),ABS(INDEX(Kernels!$B$13:$D$15,1,1)*INDEX(Datos!$B$3:$K$12,($A51+1)+-1,(I$43+1)+-1)+INDEX(Kernels!$B$13:$D$15,1,2)*INDEX(Datos!$B$3:$K$12,($A51+1)+-1,(I$43+1)+0)+INDEX(Kernels!$B$13:$D$15,1,3)*INDEX(Datos!$B$3:$K$12,($A51+1)+-1,(I$43+1)+1)+INDEX(Kernels!$B$13:$D$15,2,1)*INDEX(Datos!$B$3:$K$12,($A51+1)+0,(I$43+1)+-1)+INDEX(Kernels!$B$13:$D$15,2,2)*INDEX(Datos!$B$3:$K$12,($A51+1)+0,(I$43+1)+0)+INDEX(Kernels!$B$13:$D$15,2,3)*INDEX(Datos!$B$3:$K$12,($A51+1)+0,(I$43+1)+1)+INDEX(Kernels!$B$13:$D$15,3,1)*INDEX(Datos!$B$3:$K$12,($A51+1)+1,(I$43+1)+-1)+INDEX(Kernels!$B$13:$D$15,3,2)*INDEX(Datos!$B$3:$K$12,($A51+1)+1,(I$43+1)+0)+INDEX(Kernels!$B$13:$D$15,3,3)*INDEX(Datos!$B$3:$K$12,($A51+1)+1,(I$43+1)+1)),"") -> 128 | ... K51: =IF(AND($A51>=1,$A51<=8,K$43>=1,K$43<=8),ABS(INDEX(Kernels!$B$13:$D$15,1,1)*INDEX(Datos!$B$3:$K$12,($A51+1)+-1,(K$43+1)+-1)+INDEX(Kernels!$B$13:$D$15,1,2)*INDEX(Datos!$B$3:$K$12,($A51+1)+-1,(K$43+1)+0)+INDEX(Kernels!$B$13:$D$15,1,3)*INDEX(Datos!$B$3:$K$12,($A51+1)+-1,(K$43+1)+1)+INDEX(Kernels!$B$13:$D$15,2,1)*INDEX(Datos!$B$3:$K$12,($A51+1)+0,(K$43+1)+-1)+INDEX(Kernels!$B$13:$D$15,2,2)*INDEX(Datos!$B$3:$K$12,($A51+1)+0,(K$43+1)+0)+INDEX(Kernels!$B$13:$D$15,2,3)*INDEX(Datos!$B$3:$K$12,($A51+1)+0,(K$43+1)+1)+INDEX(Kernels!$B$13:$D$15,3,1)*INDEX(Datos!$B$3:$K$12,($A51+1)+1,(K$43+1)+-1)+INDEX(Kernels!$B$13:$D$15,3,2)*INDEX(Datos!$B$3:$K$12,($A51+1)+1,(K$43+1)+0)+INDEX(Kernels!$B$13:$D$15,3,3)*INDEX(Datos!$B$3:$K$12,($A51+1)+1,(K$43+1)+1)),"")
